file	ry
pipeline/combined/1.bcmap-final.tsv	NNYRNYRNRYNYRNYRNRYNN
pipeline/combined/2.bcmap-final.tsv	NNRYNYRNYRNYRNRYNYRNN
pipeline/OCNT-DMSLIB-1-run2/3.bcmap-final.tsv	NNYRNRYNRYNYRNYRNYRNN
pipeline/OCNT-DMSLIB-1-run2/4.bcmap-final.tsv	NNYRNRYNYRNYRNYRNRYNN
pipeline/OCNT-DMSLIB-1-run2/5.bcmap-final.tsv	NNRYNYRNRYNYRNYRNYRNN
pipeline/combined/6.bcmap-final.tsv	NNYRNYRNYRNRYNYRNRYNN
pipeline/combined/7.bcmap-final.tsv	NNRYNYRNYRNYRNYRNRYNN
pipeline/OCNT-DMSLIB-1-run5/8.bcmap-final.tsv	NNYRNYRNYRNRYNRYNYRNN
pipeline/OCNT-DMSLIB-1-run9/9.bcmap-final.tsv	NNYRNYRNRYNRYNYRNYRNN
pipeline/OCNT-DMSLIB-1-run1/10.bcmap-final.tsv	NNYRNRYNYRNRYNYRNYRNN
pipeline/OCNT-DMSLIB-1-run8/11.bcmap-final.tsv	NNRYNRYNYRNYRNYRNYRNN
pipeline/OCNT-DMSLIB-1-run8/12rc.bcmap-final.tsv	NNYRNYRNRYNYRNRYNYRNN
pipeline/combined/13.bcmap-final.tsv	NNRYNYRNYRNRYNYRNYRNN
pipeline/combined/14.bcmap-final.tsv	NNYRNRYNYRNYRNRYNYRNN
pipeline/OCNT-DMSLIB-1-run5/15.bcmap-final.tsv	NNYRNYRNYRNYRNRYNRYNN
pipeline/combined/16.bcmap-final.tsv	NNRYNRYNRYNYRNRYNYRNN
pipeline/OCNT-DMSLIB-1-run5/17.bcmap-final.tsv	NNRYNYRNRYNRYNRYNYRNN