pos	condition	statistic	method
1	IFNalpha1 - IFNbeta100	-2.1536053707100637	maximum
2	IFNalpha1 - IFNbeta100	-2.266957322126043	maximum
3	IFNalpha1 - IFNbeta100	-2.4237435340887425	maximum
4	IFNalpha1 - IFNbeta100	-2.835121040280976	maximum
5	IFNalpha1 - IFNbeta100	-1.845230494262741	maximum
6	IFNalpha1 - IFNbeta100	2.205758058623411	maximum
7	IFNalpha1 - IFNbeta100	-2.071283539508583	maximum
8	IFNalpha1 - IFNbeta100	-2.620312216169453	maximum
9	IFNalpha1 - IFNbeta100	2.1637450739952384	maximum
10	IFNalpha1 - IFNbeta100	-1.962161985488676	maximum
11	IFNalpha1 - IFNbeta100	2.3825247407456787	maximum
12	IFNalpha1 - IFNbeta100	2.012350966029569	maximum
13	IFNalpha1 - IFNbeta100	1.3365577895430565	maximum
14	IFNalpha1 - IFNbeta100	-1.7289576934123532	maximum
15	IFNalpha1 - IFNbeta100	2.490448057230665	maximum
16	IFNalpha1 - IFNbeta100	1.6917064647340574	maximum
17	IFNalpha1 - IFNbeta100	2.4036186925473357	maximum
18	IFNalpha1 - IFNbeta100	-2.505797808128533	maximum
19	IFNalpha1 - IFNbeta100	2.363925962244546	maximum
20	IFNalpha1 - IFNbeta100	3.07915332528553	maximum
21	IFNalpha1 - IFNbeta100	-2.2407010067242616	maximum
22	IFNalpha1 - IFNbeta100	-3.2710874469129907	maximum
23	IFNalpha1 - IFNbeta100	2.524791355140437	maximum
24	IFNalpha1 - IFNbeta100	-3.3971267306434583	maximum
25	IFNalpha1 - IFNbeta100	2.5769183804593747	maximum
26	IFNalpha1 - IFNbeta100	-2.1558972276463613	maximum
27	IFNalpha1 - IFNbeta100	2.572195570558521	maximum
28	IFNalpha1 - IFNbeta100	-1.949493155391874	maximum
29	IFNalpha1 - IFNbeta100	3.0519044652123664	maximum
30	IFNalpha1 - IFNbeta100	-3.2013636019452885	maximum
31	IFNalpha1 - IFNbeta100	2.78451321386822	maximum
32	IFNalpha1 - IFNbeta100	2.830245350054162	maximum
33	IFNalpha1 - IFNbeta100	2.570301282853405	maximum
34	IFNalpha1 - IFNbeta100	2.8873822403673146	maximum
35	IFNalpha1 - IFNbeta100	-1.7691580942090477	maximum
36	IFNalpha1 - IFNbeta100	1.5692792515727003	maximum
37	IFNalpha1 - IFNbeta100	1.6692182924358472	maximum
38	IFNalpha1 - IFNbeta100	1.618305140989983	maximum
39	IFNalpha1 - IFNbeta100	2.4586685139526723	maximum
40	IFNalpha1 - IFNbeta100	2.290818723192692	maximum
41	IFNalpha1 - IFNbeta100	-2.92976067570155	maximum
42	IFNalpha1 - IFNbeta100	-1.0049280080064675	maximum
43	IFNalpha1 - IFNbeta100	3.3182792559012477	maximum
44	IFNalpha1 - IFNbeta100	-1.8209388752355729	maximum
45	IFNalpha1 - IFNbeta100	2.1599525934602104	maximum
46	IFNalpha1 - IFNbeta100	-1.979128269091389	maximum
47	IFNalpha1 - IFNbeta100	1.7345346401497057	maximum
48	IFNalpha1 - IFNbeta100	2.7529828651592285	maximum
49	IFNalpha1 - IFNbeta100	-1.7366955478567994	maximum
50	IFNalpha1 - IFNbeta100	-2.16348952887697	maximum
51	IFNalpha1 - IFNbeta100	-2.3445986919784323	maximum
52	IFNalpha1 - IFNbeta100	2.0522501833302647	maximum
53	IFNalpha1 - IFNbeta100	-1.9503846723368023	maximum
54	IFNalpha1 - IFNbeta100	-4.071906202186555	maximum
55	IFNalpha1 - IFNbeta100	2.0118365670431766	maximum
56	IFNalpha1 - IFNbeta100	-2.0804316738727975	maximum
57	IFNalpha1 - IFNbeta100	-2.392180992830379	maximum
58	IFNalpha1 - IFNbeta100	2.518592773126281	maximum
59	IFNalpha1 - IFNbeta100	2.3848515211546983	maximum
60	IFNalpha1 - IFNbeta100	-3.2248118058541246	maximum
61	IFNalpha1 - IFNbeta100	-2.3495061150393366	maximum
62	IFNalpha1 - IFNbeta100	2.2301104060703714	maximum
63	IFNalpha1 - IFNbeta100	-2.8142623873686854	maximum
64	IFNalpha1 - IFNbeta100	-1.6236383793844935	maximum
65	IFNalpha1 - IFNbeta100	-2.002690500058623	maximum
66	IFNalpha1 - IFNbeta100	-3.2287899234378776	maximum
67	IFNalpha1 - IFNbeta100	1.7190082621953813	maximum
68	IFNalpha1 - IFNbeta100	-1.4523117357217206	maximum
69	IFNalpha1 - IFNbeta100	2.4122472195035334	maximum
70	IFNalpha1 - IFNbeta100	-2.6527512766162755	maximum
71	IFNalpha1 - IFNbeta100	3.1546412796860004	maximum
72	IFNalpha1 - IFNbeta100	-1.8095986457692357	maximum
73	IFNalpha1 - IFNbeta100	3.238430951455291	maximum
74	IFNalpha1 - IFNbeta100	-2.225640321999701	maximum
75	IFNalpha1 - IFNbeta100	1.7700339092373898	maximum
76	IFNalpha1 - IFNbeta100	1.157932330096742	maximum
77	IFNalpha1 - IFNbeta100	-2.101754956622252	maximum
78	IFNalpha1 - IFNbeta100	-2.247058933514269	maximum
79	IFNalpha1 - IFNbeta100	3.732460075319488	maximum
80	IFNalpha1 - IFNbeta100	2.6615348094279225	maximum
81	IFNalpha1 - IFNbeta100	3.203051933303167	maximum
82	IFNalpha1 - IFNbeta100	1.990333055322372	maximum
83	IFNalpha1 - IFNbeta100	2.3601393389706264	maximum
84	IFNalpha1 - IFNbeta100	1.7816671603951808	maximum
85	IFNalpha1 - IFNbeta100	3.1445684122355897	maximum
86	IFNalpha1 - IFNbeta100	-3.010638671828162	maximum
87	IFNalpha1 - IFNbeta100	2.6851883315403557	maximum
88	IFNalpha1 - IFNbeta100	-3.171440603278947	maximum
89	IFNalpha1 - IFNbeta100	3.010007672881691	maximum
90	IFNalpha1 - IFNbeta100	1.4842175749835251	maximum
91	IFNalpha1 - IFNbeta100	-2.064669868339935	maximum
92	IFNalpha1 - IFNbeta100	-2.3197822348887356	maximum
93	IFNalpha1 - IFNbeta100	2.3351916556168892	maximum
94	IFNalpha1 - IFNbeta100	-1.7327341669864411	maximum
95	IFNalpha1 - IFNbeta100	2.1110068981091072	maximum
96	IFNalpha1 - IFNbeta100	-2.255294267183954	maximum
97	IFNalpha1 - IFNbeta100	2.099040428102036	maximum
98	IFNalpha1 - IFNbeta100	2.2298370984879488	maximum
99	IFNalpha1 - IFNbeta100	2.19217011632641	maximum
100	IFNalpha1 - IFNbeta100	-1.4918933029897854	maximum
101	IFNalpha1 - IFNbeta100	-2.466389954751653	maximum
102	IFNalpha1 - IFNbeta100	-1.6920116726415149	maximum
103	IFNalpha1 - IFNbeta100	2.458879500148773	maximum
104	IFNalpha1 - IFNbeta100	-2.2838165413986946	maximum
105	IFNalpha1 - IFNbeta100	-2.1373394118519973	maximum
106	IFNalpha1 - IFNbeta100	3.908001410765926	maximum
107	IFNalpha1 - IFNbeta100	-2.148968773393728	maximum
108	IFNalpha1 - IFNbeta100	2.5099578456008707	maximum
109	IFNalpha1 - IFNbeta100	-2.6356712945444483	maximum
110	IFNalpha1 - IFNbeta100	-1.9985902686475103	maximum
111	IFNalpha1 - IFNbeta100	-2.395940244953099	maximum
112	IFNalpha1 - IFNbeta100	-2.97452259697043	maximum
113	IFNalpha1 - IFNbeta100	-2.0578716078705774	maximum
114	IFNalpha1 - IFNbeta100	-2.5677885804134273	maximum
115	IFNalpha1 - IFNbeta100	-1.4389553578323102	maximum
116	IFNalpha1 - IFNbeta100	-1.7807859999011704	maximum
117	IFNalpha1 - IFNbeta100	-1.613976482441135	maximum
118	IFNalpha1 - IFNbeta100	-2.5210302750673157	maximum
119	IFNalpha1 - IFNbeta100	2.321792226766485	maximum
120	IFNalpha1 - IFNbeta100	2.116526922690921	maximum
121	IFNalpha1 - IFNbeta100	1.5391412936935058	maximum
122	IFNalpha1 - IFNbeta100	2.0311366172227987	maximum
123	IFNalpha1 - IFNbeta100	-2.5696899543389877	maximum
124	IFNalpha1 - IFNbeta100	-2.479576329248202	maximum
125	IFNalpha1 - IFNbeta100	1.96658902589381	maximum
126	IFNalpha1 - IFNbeta100	-3.145436324700754	maximum
127	IFNalpha1 - IFNbeta100	-2.2789355497676502	maximum
128	IFNalpha1 - IFNbeta100	-2.9683429830772825	maximum
129	IFNalpha1 - IFNbeta100	4.837342016019075	maximum
130	IFNalpha1 - IFNbeta100	2.5203549589858105	maximum
131	IFNalpha1 - IFNbeta100	2.8118875483049144	maximum
132	IFNalpha1 - IFNbeta100	-2.680268253909849	maximum
133	IFNalpha1 - IFNbeta100	-2.468369120157118	maximum
134	IFNalpha1 - IFNbeta100	-1.4590657789943131	maximum
135	IFNalpha1 - IFNbeta100	1.5757211884274962	maximum
136	IFNalpha1 - IFNbeta100	2.785427041770374	maximum
137	IFNalpha1 - IFNbeta100	-1.5901159347166651	maximum
138	IFNalpha1 - IFNbeta100	-2.175698789147267	maximum
139	IFNalpha1 - IFNbeta100	2.34201287377606	maximum
140	IFNalpha1 - IFNbeta100	2.6415844204089027	maximum
141	IFNalpha1 - IFNbeta100	2.982977835208733	maximum
142	IFNalpha1 - IFNbeta100	-1.9798223067026608	maximum
143	IFNalpha1 - IFNbeta100	1.9245908325728067	maximum
144	IFNalpha1 - IFNbeta100	-2.879252026430628	maximum
145	IFNalpha1 - IFNbeta100	-3.5252603563643032	maximum
146	IFNalpha1 - IFNbeta100	1.9799383569070368	maximum
147	IFNalpha1 - IFNbeta100	1.722014071861696	maximum
148	IFNalpha1 - IFNbeta100	-3.3169347801424216	maximum
149	IFNalpha1 - IFNbeta100	2.874774750340171	maximum
150	IFNalpha1 - IFNbeta100	2.379700860123743	maximum
151	IFNalpha1 - IFNbeta100	-2.297954555969237	maximum
152	IFNalpha1 - IFNbeta100	-2.426286591055368	maximum
153	IFNalpha1 - IFNbeta100	2.477799065875717	maximum
154	IFNalpha1 - IFNbeta100	1.843590344266615	maximum
155	IFNalpha1 - IFNbeta100	-3.341054870041877	maximum
156	IFNalpha1 - IFNbeta100	-2.9806646572312467	maximum
157	IFNalpha1 - IFNbeta100	-1.5192597943925448	maximum
158	IFNalpha1 - IFNbeta100	-2.040503226132097	maximum
159	IFNalpha1 - IFNbeta100	-2.0913592834040444	maximum
160	IFNalpha1 - IFNbeta100	-2.796839474028132	maximum
161	IFNalpha1 - IFNbeta100	-1.863915199789001	maximum
162	IFNalpha1 - IFNbeta100	-1.5354318835540348	maximum
163	IFNalpha1 - IFNbeta100	-1.8132503909756732	maximum
164	IFNalpha1 - IFNbeta100	-2.1190000585523867	maximum
165	IFNalpha1 - IFNbeta100	1.8630466853544028	maximum
166	IFNalpha1 - IFNbeta100	3.734893108303887	maximum
167	IFNalpha1 - IFNbeta100	2.2722572035370616	maximum
168	IFNalpha1 - IFNbeta100	-1.7756669447946305	maximum
169	IFNalpha1 - IFNbeta100	-1.8590395140028655	maximum
170	IFNalpha1 - IFNbeta100	-2.2160748599531654	maximum
171	IFNalpha1 - IFNbeta100	-2.1554179221598795	maximum
172	IFNalpha1 - IFNbeta100	1.9705988077095011	maximum
173	IFNalpha1 - IFNbeta100	1.8457613933992505	maximum
174	IFNalpha1 - IFNbeta100	-3.2843652188567707	maximum
175	IFNalpha1 - IFNbeta100	-2.8962993692060746	maximum
176	IFNalpha1 - IFNbeta100	1.9113960839454591	maximum
177	IFNalpha1 - IFNbeta100	2.728666361939239	maximum
178	IFNalpha1 - IFNbeta100	-2.203955218661576	maximum
179	IFNalpha1 - IFNbeta100	-1.6552172023367124	maximum
180	IFNalpha1 - IFNbeta100	2.818472003307463	maximum
181	IFNalpha1 - IFNbeta100	-2.1184211343031945	maximum
182	IFNalpha1 - IFNbeta100	2.2555758869537788	maximum
183	IFNalpha1 - IFNbeta100	-1.7386093939983045	maximum
184	IFNalpha1 - IFNbeta100	-2.482082540482468	maximum
185	IFNalpha1 - IFNbeta100	-2.332950949839323	maximum
186	IFNalpha1 - IFNbeta100	-2.78065447389259	maximum
187	IFNalpha1 - IFNbeta100	2.1559027801690824	maximum
188	IFNalpha1 - IFNbeta100	-2.831477157326577	maximum
189	IFNalpha1 - IFNbeta100	2.1675506342150204	maximum
190	IFNalpha1 - IFNbeta100	1.972017409815169	maximum
191	IFNalpha1 - IFNbeta100	-1.5210777443978605	maximum
192	IFNalpha1 - IFNbeta100	-1.2692781638639734	maximum
193	IFNalpha1 - IFNbeta100	2.3679074117295515	maximum
194	IFNalpha1 - IFNbeta100	-2.2855677728105133	maximum
195	IFNalpha1 - IFNbeta100	-1.8809150505410552	maximum
196	IFNalpha1 - IFNbeta100	-1.6133455764409153	maximum
197	IFNalpha1 - IFNbeta100	1.934178254939536	maximum
198	IFNalpha1 - IFNbeta100	2.171942906012249	maximum
199	IFNalpha1 - IFNbeta100	2.0828393991532614	maximum
200	IFNalpha1 - IFNbeta100	2.3489625653440465	maximum
201	IFNalpha1 - IFNbeta100	1.6796054573639112	maximum
202	IFNalpha1 - IFNbeta100	-2.752780450232752	maximum
203	IFNalpha1 - IFNbeta100	2.7283490364255307	maximum
204	IFNalpha1 - IFNbeta100	2.2949813318187924	maximum
205	IFNalpha1 - IFNbeta100	-2.1901384144702964	maximum
206	IFNalpha1 - IFNbeta100	1.6291421397549826	maximum
207	IFNalpha1 - IFNbeta100	-1.7197699049396378	maximum
208	IFNalpha1 - IFNbeta100	-1.8377255830935992	maximum
209	IFNalpha1 - IFNbeta100	-3.077126846648964	maximum
210	IFNalpha1 - IFNbeta100	-2.6744228727718933	maximum
211	IFNalpha1 - IFNbeta100	-1.8498405657139971	maximum
212	IFNalpha1 - IFNbeta100	-1.8920370170918903	maximum
213	IFNalpha1 - IFNbeta100	-2.628169701638399	maximum
214	IFNalpha1 - IFNbeta100	-2.055682670890332	maximum
215	IFNalpha1 - IFNbeta100	-3.4357658127452364	maximum
216	IFNalpha1 - IFNbeta100	-3.0593922827814946	maximum
217	IFNalpha1 - IFNbeta100	-2.2663548750238864	maximum
218	IFNalpha1 - IFNbeta100	1.452104393633622	maximum
219	IFNalpha1 - IFNbeta100	2.1707478604680115	maximum
220	IFNalpha1 - IFNbeta100	2.7590521930884053	maximum
221	IFNalpha1 - IFNbeta100	1.9021341212135197	maximum
222	IFNalpha1 - IFNbeta100	1.8176047096566843	maximum
223	IFNalpha1 - IFNbeta100	-2.561494534539317	maximum
224	IFNalpha1 - IFNbeta100	2.1218123415063657	maximum
225	IFNalpha1 - IFNbeta100	1.9088373302916013	maximum
226	IFNalpha1 - IFNbeta100	2.341611976637727	maximum
227	IFNalpha1 - IFNbeta100	1.2678854245910904	maximum
228	IFNalpha1 - IFNbeta100	-2.015625262065442	maximum
229	IFNalpha1 - IFNbeta100	1.5417090844749506	maximum
230	IFNalpha1 - IFNbeta100	2.0983145286960188	maximum
231	IFNalpha1 - IFNbeta100	-2.473670942732562	maximum
232	IFNalpha1 - IFNbeta100	2.7038041722997743	maximum
233	IFNalpha1 - IFNbeta100	2.8356068951068867	maximum
234	IFNalpha1 - IFNbeta100	2.0870982472750512	maximum
235	IFNalpha1 - IFNbeta100	1.9627840115760056	maximum
236	IFNalpha1 - IFNbeta100	2.6594554614531174	maximum
237	IFNalpha1 - IFNbeta100	1.8611145678945205	maximum
238	IFNalpha1 - IFNbeta100	-3.111710021175983	maximum
239	IFNalpha1 - IFNbeta100	2.1732854110491058	maximum
240	IFNalpha1 - IFNbeta100	-2.925639190064772	maximum
241	IFNalpha1 - IFNbeta100	-2.4563790246785633	maximum
242	IFNalpha1 - IFNbeta100	-2.3982829928881233	maximum
243	IFNalpha1 - IFNbeta100	2.3913567960533872	maximum
244	IFNalpha1 - IFNbeta100	3.21155900044603	maximum
245	IFNalpha1 - IFNbeta100	2.1793922843668603	maximum
246	IFNalpha1 - IFNbeta100	-2.373393907843527	maximum
247	IFNalpha1 - IFNbeta100	-1.8162315669675169	maximum
248	IFNalpha1 - IFNbeta100	-2.046659977776968	maximum
249	IFNalpha1 - IFNbeta100	1.854527006539957	maximum
250	IFNalpha1 - IFNbeta100	-2.261630498963936	maximum
251	IFNalpha1 - IFNbeta100	2.9334705092288	maximum
252	IFNalpha1 - IFNbeta100	1.8378812806321896	maximum
253	IFNalpha1 - IFNbeta100	-1.6207543874154142	maximum
254	IFNalpha1 - IFNbeta100	-1.706061759642576	maximum
255	IFNalpha1 - IFNbeta100	-2.5767294235612637	maximum
256	IFNalpha1 - IFNbeta100	-2.0760284009253716	maximum
257	IFNalpha1 - IFNbeta100	-2.598940781724099	maximum
258	IFNalpha1 - IFNbeta100	-3.2221462971012675	maximum
259	IFNalpha1 - IFNbeta100	-2.957211962434958	maximum
260	IFNalpha1 - IFNbeta100	-2.641247647612722	maximum
261	IFNalpha1 - IFNbeta100	-1.617546346984251	maximum
262	IFNalpha1 - IFNbeta100	-3.2501363993321135	maximum
263	IFNalpha1 - IFNbeta100	-3.294498427591149	maximum
264	IFNalpha1 - IFNbeta100	-2.6603762511258195	maximum
265	IFNalpha1 - IFNbeta100	1.7700594679165855	maximum
266	IFNalpha1 - IFNbeta100	-2.016257748734608	maximum
267	IFNalpha1 - IFNbeta100	-3.094488330066947	maximum
268	IFNalpha1 - IFNbeta100	2.019334855550308	maximum
269	IFNalpha1 - IFNbeta100	-3.157562072636407	maximum
270	IFNalpha1 - IFNbeta100	-3.19488726577993	maximum
271	IFNalpha1 - IFNbeta100	-2.0131649622402565	maximum
272	IFNalpha1 - IFNbeta100	-2.6234046619370455	maximum
273	IFNalpha1 - IFNbeta100	3.5830755349804435	maximum
274	IFNalpha1 - IFNbeta100	-1.5229264692052151	maximum
275	IFNalpha1 - IFNbeta100	2.0164209603715646	maximum
276	IFNalpha1 - IFNbeta100	-3.5443389507964542	maximum
277	IFNalpha1 - IFNbeta100	-2.117045298379699	maximum
278	IFNalpha1 - IFNbeta100	2.9058285798503145	maximum
279	IFNalpha1 - IFNbeta100	1.9144935423804537	maximum
280	IFNalpha1 - IFNbeta100	2.0023873607988794	maximum
281	IFNalpha1 - IFNbeta100	-2.253601331601089	maximum
282	IFNalpha1 - IFNbeta100	2.56467776286461	maximum
283	IFNalpha1 - IFNbeta100	2.6726321027550117	maximum
284	IFNalpha1 - IFNbeta100	1.6235870848510432	maximum
285	IFNalpha1 - IFNbeta100	1.4390127419152248	maximum
286	IFNalpha1 - IFNbeta100	2.716161197420826	maximum
287	IFNalpha1 - IFNbeta100	1.873096607631478	maximum
288	IFNalpha1 - IFNbeta100	2.011422583270845	maximum
289	IFNalpha1 - IFNbeta100	1.8550997940648868	maximum
290	IFNalpha1 - IFNbeta100	2.201716432408762	maximum
291	IFNalpha1 - IFNbeta100	2.5474685150390775	maximum
292	IFNalpha1 - IFNbeta100	2.589759713913992	maximum
293	IFNalpha1 - IFNbeta100	-1.9487716461641216	maximum
294	IFNalpha1 - IFNbeta100	-1.660851739829915	maximum
295	IFNalpha1 - IFNbeta100	1.7536403097477855	maximum
296	IFNalpha1 - IFNbeta100	2.3005841457689367	maximum
297	IFNalpha1 - IFNbeta100	2.005752209610713	maximum
298	IFNalpha1 - IFNbeta100	2.3705192922058136	maximum
299	IFNalpha1 - IFNbeta100	2.5642024740389875	maximum
300	IFNalpha1 - IFNbeta100	-1.9958382199635711	maximum
301	IFNalpha1 - IFNbeta100	1.9399569799647336	maximum
302	IFNalpha1 - IFNbeta100	1.780214231062946	maximum
303	IFNalpha1 - IFNbeta100	1.2638469478236338	maximum
304	IFNalpha1 - IFNbeta100	-2.107402118752217	maximum
305	IFNalpha1 - IFNbeta100	-2.6429739276713997	maximum
306	IFNalpha1 - IFNbeta100	2.1868377753385886	maximum
307	IFNalpha1 - IFNbeta100	2.138053052229957	maximum
308	IFNalpha1 - IFNbeta100	1.653244287146608	maximum
309	IFNalpha1 - IFNbeta100	1.9906114140633715	maximum
310	IFNalpha1 - IFNbeta100	2.943501835060034	maximum
311	IFNalpha1 - IFNbeta100	2.65461100686154	maximum
312	IFNalpha1 - IFNbeta100	2.7003787390267107	maximum
313	IFNalpha1 - IFNbeta100	2.3976884230869113	maximum
314	IFNalpha1 - IFNbeta100	-1.628024819127017	maximum
315	IFNalpha1 - IFNbeta100	2.483306267760357	maximum
316	IFNalpha1 - IFNbeta100	2.407760143199089	maximum
317	IFNalpha1 - IFNbeta100	2.6886752623174504	maximum
318	IFNalpha1 - IFNbeta100	-2.4236787328626375	maximum
319	IFNalpha1 - IFNbeta100	-2.203589316062725	maximum
320	IFNalpha1 - IFNbeta100	1.5120029271613704	maximum
321	IFNalpha1 - IFNbeta100	-2.511571765399075	maximum
322	IFNalpha1 - IFNbeta100	-1.8443860703093828	maximum
323	IFNalpha1 - IFNbeta100	-2.8504735083565196	maximum
324	IFNalpha1 - IFNbeta100	-3.352100300606363	maximum
325	IFNalpha1 - IFNbeta100	-2.147370708769354	maximum
326	IFNalpha1 - IFNbeta100	2.6170117888541484	maximum
327	IFNalpha1 - IFNbeta100	2.1560772939972073	maximum
328	IFNalpha1 - IFNbeta100	-1.5756280908204816	maximum
329	IFNalpha1 - IFNbeta100	2.4890740159365907	maximum
330	IFNalpha1 - IFNbeta100	2.320418380353304	maximum
331	IFNalpha1 - IFNbeta100	2.0703204319822364	maximum
332	IFNalpha1 - IFNbeta100	1.089633790820051	maximum
333	IFNalpha1 - IFNbeta100	1.5828500136114771	maximum
334	IFNalpha1 - IFNbeta100	-1.402121903443645	maximum
335	IFNalpha1 - IFNbeta100	2.6453661468017877	maximum
336	IFNalpha1 - IFNbeta100	2.166469530005095	maximum
337	IFNalpha1 - IFNbeta100	2.4906983114838086	maximum
338	IFNalpha1 - IFNbeta100	2.21292266888691	maximum
339	IFNalpha1 - IFNbeta100	1.569518614132548	maximum
340	IFNalpha1 - IFNbeta100	1.9233904553097216	maximum
341	IFNalpha1 - IFNbeta100	-1.950008156570039	maximum
342	IFNalpha1 - IFNbeta100	-1.7673945346872135	maximum
343	IFNalpha1 - IFNbeta100	-2.2965594309159427	maximum
344	IFNalpha1 - IFNbeta100	-2.112846118924235	maximum
345	IFNalpha1 - IFNbeta100	2.6342895310805017	maximum
346	IFNalpha1 - IFNbeta100	-1.7798187817563491	maximum
347	IFNalpha1 - IFNbeta100	2.8010176038356196	maximum
348	IFNalpha1 - IFNbeta100	2.8450692993201665	maximum
349	IFNalpha1 - IFNbeta100	-1.5612457725436826	maximum
350	IFNalpha1 - IFNbeta100	1.919298386237748	maximum
351	IFNalpha1 - IFNbeta100	-1.999230601603063	maximum
352	IFNalpha1 - IFNbeta100	1.85422414250859	maximum
353	IFNalpha1 - IFNbeta100	1.2603309889202243	maximum
354	IFNalpha1 - IFNbeta100	2.6446763062926313	maximum
355	IFNalpha1 - IFNbeta100	2.942598404914083	maximum
356	IFNalpha1 - IFNbeta100	-2.362745148113582	maximum
357	IFNalpha1 - IFNbeta100	2.18333130155052	maximum
358	IFNalpha1 - IFNbeta100	-1.852664132638656	maximum
359	IFNalpha1 - IFNbeta100	2.2447807896852345	maximum
360	IFNalpha1 - IFNbeta100	3.042094551464716	maximum
361	IFNalpha1 - IFNbeta100	2.35572129856089	maximum
362	IFNalpha1 - IFNbeta100	2.013791874952952	maximum
363	IFNalpha1 - IFNbeta100	1.6251696035250691	maximum
364	IFNalpha1 - IFNbeta100	1.3284097662387284	maximum
365	IFNalpha1 - IFNbeta100	3.297499744862919	maximum
366	IFNalpha1 - IFNbeta100	2.568022513466373	maximum
367	IFNalpha1 - IFNbeta100	2.4270312619794496	maximum
368	IFNalpha1 - IFNbeta100	-2.0429278290272612	maximum
369	IFNalpha1 - IFNbeta100	-2.7440068331811163	maximum
370	IFNalpha1 - IFNbeta100	1.2674501189344247	maximum
371	IFNalpha1 - IFNbeta100	2.433399475091627	maximum
372	IFNalpha1 - IFNbeta100	1.714462788370051	maximum
373	IFNalpha1 - IFNbeta100	-1.785698913802241	maximum
374	IFNalpha1 - IFNbeta100	-2.099956383313238	maximum
375	IFNalpha1 - IFNbeta100	-2.420928653290143	maximum
376	IFNalpha1 - IFNbeta100	1.7903898883987306	maximum
377	IFNalpha1 - IFNbeta100	-2.7270232601174533	maximum
378	IFNalpha1 - IFNbeta100	2.951108509142322	maximum
379	IFNalpha1 - IFNbeta100	2.4804068209447103	maximum
380	IFNalpha1 - IFNbeta100	-3.01774512944674	maximum
381	IFNalpha1 - IFNbeta100	2.312698991792045	maximum
382	IFNalpha1 - IFNbeta100	-1.8283237327693904	maximum
383	IFNalpha1 - IFNbeta100	-2.513685621838045	maximum
384	IFNalpha1 - IFNbeta100	-2.692027845232998	maximum
385	IFNalpha1 - IFNbeta100	-2.541072975710122	maximum
386	IFNalpha1 - IFNbeta100	-2.3943923814684123	maximum
387	IFNalpha1 - IFNbeta100	-2.596035673330824	maximum
388	IFNalpha1 - IFNbeta100	1.8793252866848216	maximum
389	IFNalpha1 - IFNbeta100	2.1324940223774687	maximum
390	IFNalpha1 - IFNbeta100	-2.476094578030977	maximum
391	IFNalpha1 - IFNbeta100	2.663777584672596	maximum
392	IFNalpha1 - IFNbeta100	2.296896506800298	maximum
393	IFNalpha1 - IFNbeta100	2.27653036785315	maximum
394	IFNalpha1 - IFNbeta100	-3.0942199821466456	maximum
395	IFNalpha1 - IFNbeta100	-2.748776244111619	maximum
396	IFNalpha1 - IFNbeta100	-2.550485078322557	maximum
397	IFNalpha1 - IFNbeta100	1.6308198981465938	maximum
398	IFNalpha1 - IFNbeta100	-2.685858098318558	maximum
399	IFNalpha1 - IFNbeta100	-2.834412576422193	maximum
400	IFNalpha1 - IFNbeta100	3.1568182970691545	maximum
401	IFNalpha1 - IFNbeta100	2.058710397262361	maximum
402	IFNalpha1 - IFNbeta100	-2.4435151337917755	maximum
403	IFNalpha1 - IFNbeta100	-2.484072073463279	maximum
404	IFNalpha1 - IFNbeta100	2.3767680739683312	maximum
405	IFNalpha1 - IFNbeta100	2.305453115054353	maximum
406	IFNalpha1 - IFNbeta100	-1.7309728156870734	maximum
407	IFNalpha1 - IFNbeta100	-1.942793480916543	maximum
408	IFNalpha1 - IFNbeta100	2.3329963599519807	maximum
409	IFNalpha1 - IFNbeta100	-1.5086782557947307	maximum
410	IFNalpha1 - IFNbeta100	2.5539727141179034	maximum
411	IFNalpha1 - IFNbeta100	1.9008933287905905	maximum
412	IFNalpha1 - IFNbeta100	2.0534226451399555	maximum
413	IFNalpha1 - IFNbeta100	2.5069549751570896	maximum
414	IFNalpha1 - IFNbeta100	1.721200553662772	maximum
415	IFNalpha1 - IFNbeta100	-2.8840604658271536	maximum
416	IFNalpha1 - IFNbeta100	-2.6887220965394105	maximum
417	IFNalpha1 - IFNbeta100	-2.6563253667518247	maximum
418	IFNalpha1 - IFNbeta100	-2.261658474067919	maximum
419	IFNalpha1 - IFNbeta100	-2.055009326683886	maximum
420	IFNalpha1 - IFNbeta100	-3.992004415449916	maximum
421	IFNalpha1 - IFNbeta100	-3.637430821528285	maximum
422	IFNalpha1 - IFNbeta100	-2.964670361705712	maximum
423	IFNalpha1 - IFNbeta100	-2.717779743846563	maximum
424	IFNalpha1 - IFNbeta100	-4.170976588706526	maximum
425	IFNalpha1 - IFNbeta100	-2.638041184100339	maximum
426	IFNalpha1 - IFNbeta100	-2.7588398654584956	maximum
427	IFNalpha1 - IFNbeta100	2.265949336518911	maximum
428	IFNalpha1 - IFNbeta100	-3.061726912602269	maximum
429	IFNalpha1 - IFNbeta100	-3.5746200865446447	maximum
430	IFNalpha1 - IFNbeta100	-2.1920392950389123	maximum
431	IFNalpha1 - IFNbeta100	3.231088223666728	maximum
432	IFNalpha1 - IFNbeta100	-3.350984597437092	maximum
433	IFNalpha1 - IFNbeta100	-3.2766910424589257	maximum
434	IFNalpha1 - IFNbeta100	-3.568717753091442	maximum
435	IFNalpha1 - IFNbeta100	-2.3665630391994563	maximum
436	IFNalpha1 - IFNbeta100	-2.4992356224269408	maximum
437	IFNalpha1 - IFNbeta100	-2.3867926335895726	maximum
438	IFNalpha1 - IFNbeta100	-3.027247820686276	maximum
439	IFNalpha1 - IFNbeta100	-2.0927000077997135	maximum
440	IFNalpha1 - IFNbeta100	-3.146201217553948	maximum
441	IFNalpha1 - IFNbeta100	-1.6045092446506497	maximum
442	IFNalpha1 - IFNbeta100	2.170000858640418	maximum
443	IFNalpha1 - IFNbeta100	-2.2881302640470538	maximum
444	IFNalpha1 - IFNbeta100	2.0318352137537636	maximum
445	IFNalpha1 - IFNbeta100	-2.4388352180374246	maximum
446	IFNalpha1 - IFNbeta100	-2.2134689074522464	maximum
447	IFNalpha1 - IFNbeta100	-2.7585206791013275	maximum
448	IFNalpha1 - IFNbeta100	2.8644885664445625	maximum
449	IFNalpha1 - IFNbeta100	-2.3738576592926792	maximum
450	IFNalpha1 - IFNbeta100	-1.891169486262827	maximum
451	IFNalpha1 - IFNbeta100	-2.205201516124212	maximum
452	IFNalpha1 - IFNbeta100	2.7237702912690076	maximum
453	IFNalpha1 - IFNbeta100	-2.8431881639506353	maximum
454	IFNalpha1 - IFNbeta100	-1.7179099146585202	maximum
455	IFNalpha1 - IFNbeta100	-2.2330616438878104	maximum
456	IFNalpha1 - IFNbeta100	1.6402926446010584	maximum
457	IFNalpha1 - IFNbeta100	-1.8987495344671272	maximum
458	IFNalpha1 - IFNbeta100	-1.7494232096816125	maximum
459	IFNalpha1 - IFNbeta100	-2.1270121764298167	maximum
460	IFNalpha1 - IFNbeta100	1.7518559145579913	maximum
461	IFNalpha1 - IFNbeta100	-2.297443586682312	maximum
462	IFNalpha1 - IFNbeta100	1.4796342980403314	maximum
463	IFNalpha1 - IFNbeta100	-2.1677467275138347	maximum
464	IFNalpha1 - IFNbeta100	-2.374333174358519	maximum
465	IFNalpha1 - IFNbeta100	1.7494614972536988	maximum
466	IFNalpha1 - IFNbeta100	1.9689495101301149	maximum
467	IFNalpha1 - IFNbeta100	-1.6267632060908357	maximum
468	IFNalpha1 - IFNbeta100	2.476954842512076	maximum
469	IFNalpha1 - IFNbeta100	-1.9322150703374863	maximum
470	IFNalpha1 - IFNbeta100	-2.513190561956623	maximum
471	IFNalpha1 - IFNbeta100	-2.618216380672235	maximum
472	IFNalpha1 - IFNbeta100	-1.894279532432467	maximum
473	IFNalpha1 - IFNbeta100	-2.487270665582638	maximum
474	IFNalpha1 - IFNbeta100	2.1520845701669495	maximum
475	IFNalpha1 - IFNbeta100	1.553790400371346	maximum
476	IFNalpha1 - IFNbeta100	-3.5139908322316367	maximum
477	IFNalpha1 - IFNbeta100	-2.307821766590815	maximum
478	IFNalpha1 - IFNbeta100	1.863449041468881	maximum
479	IFNalpha1 - IFNbeta100	2.4546091314818437	maximum
480	IFNalpha1 - IFNbeta100	2.0450526664022086	maximum
481	IFNalpha1 - IFNbeta100	1.49932640161337	maximum
482	IFNalpha1 - IFNbeta100	-2.161955486168732	maximum
483	IFNalpha1 - IFNbeta100	2.2128507186833213	maximum
484	IFNalpha1 - IFNbeta100	-1.9865315961047605	maximum
485	IFNalpha1 - IFNbeta100	-2.2012172380552273	maximum
486	IFNalpha1 - IFNbeta100	2.256721484370416	maximum
487	IFNalpha1 - IFNbeta100	2.2129474869025767	maximum
488	IFNalpha1 - IFNbeta100	2.358139219666236	maximum
489	IFNalpha1 - IFNbeta100	-1.737816860663589	maximum
490	IFNalpha1 - IFNbeta100	2.369719338769755	maximum
491	IFNalpha1 - IFNbeta100	2.726120598744539	maximum
492	IFNalpha1 - IFNbeta100	-1.8451152737167256	maximum
493	IFNalpha1 - IFNbeta100	1.92175174472766	maximum
494	IFNalpha1 - IFNbeta100	-2.093180027005005	maximum
495	IFNalpha1 - IFNbeta100	2.5810711845589753	maximum
496	IFNalpha1 - IFNbeta100	-3.3959891972444063	maximum
497	IFNalpha1 - IFNbeta100	-2.183004533449734	maximum
498	IFNalpha1 - IFNbeta100	2.0007104907429074	maximum
499	IFNalpha1 - IFNbeta100	2.6478233611402895	maximum
500	IFNalpha1 - IFNbeta100	2.1020992569646166	maximum
501	IFNalpha1 - IFNbeta100	1.4389554439910333	maximum
502	IFNalpha1 - IFNbeta100	2.2680771305519563	maximum
503	IFNalpha1 - IFNbeta100	-2.991137349568768	maximum
504	IFNalpha1 - IFNbeta100	2.2006011216443633	maximum
505	IFNalpha1 - IFNbeta100	-3.392021190279446	maximum
506	IFNalpha1 - IFNbeta100	2.710250646028652	maximum
507	IFNalpha1 - IFNbeta100	-3.3826829512839285	maximum
508	IFNalpha1 - IFNbeta100	-2.284403367156267	maximum
509	IFNalpha1 - IFNbeta100	-1.370324832884796	maximum
510	IFNalpha1 - IFNbeta100	-1.676325950584709	maximum
511	IFNalpha1 - IFNbeta100	2.149562065423508	maximum
512	IFNalpha1 - IFNbeta100	2.3479858966098437	maximum
513	IFNalpha1 - IFNbeta100	-3.1033159443402543	maximum
514	IFNalpha1 - IFNbeta100	-2.2806536095302454	maximum
515	IFNalpha1 - IFNbeta100	-2.0434929573292884	maximum
516	IFNalpha1 - IFNbeta100	1.6695034764257013	maximum
517	IFNalpha1 - IFNbeta100	-2.60583745100861	maximum
518	IFNalpha1 - IFNbeta100	2.111038124942839	maximum
519	IFNalpha1 - IFNbeta100	-1.5840786504332676	maximum
520	IFNalpha1 - IFNbeta100	2.1921616562062085	maximum
521	IFNalpha1 - IFNbeta100	2.638736441278104	maximum
522	IFNalpha1 - IFNbeta100	2.556389336864132	maximum
523	IFNalpha1 - IFNbeta100	-2.626315525780986	maximum
524	IFNalpha1 - IFNbeta100	2.7016321404580306	maximum
525	IFNalpha1 - IFNbeta100	2.3680029428700555	maximum
526	IFNalpha1 - IFNbeta100	2.6716376218427267	maximum
527	IFNalpha1 - IFNbeta100	2.9603705488708627	maximum
528	IFNalpha1 - IFNbeta100	3.4321821166327213	maximum
529	IFNalpha1 - IFNbeta100	-2.280229862085514	maximum
530	IFNalpha1 - IFNbeta100	1.6432158008138475	maximum
531	IFNalpha1 - IFNbeta100	-2.1219529913359287	maximum
532	IFNalpha1 - IFNbeta100	2.2579231943998144	maximum
533	IFNalpha1 - IFNbeta100	-3.5835697882296107	maximum
534	IFNalpha1 - IFNbeta100	2.3595020236041284	maximum
535	IFNalpha1 - IFNbeta100	1.8429595874732712	maximum
536	IFNalpha1 - IFNbeta100	3.4599074638458474	maximum
537	IFNalpha1 - IFNbeta100	1.9722377648923548	maximum
538	IFNalpha1 - IFNbeta100	-2.5617646082749648	maximum
539	IFNalpha1 - IFNbeta100	-2.2956260465019462	maximum
540	IFNalpha1 - IFNbeta100	2.4340169603077073	maximum
541	IFNalpha1 - IFNbeta100	-2.410963963613853	maximum
542	IFNalpha1 - IFNbeta100	2.3728114083960845	maximum
543	IFNalpha1 - IFNbeta100	2.1243816303317793	maximum
544	IFNalpha1 - IFNbeta100	-1.9108960740825027	maximum
545	IFNalpha1 - IFNbeta100	2.0623968195844253	maximum
546	IFNalpha1 - IFNbeta100	-2.1236154989850076	maximum
547	IFNalpha1 - IFNbeta100	-3.089609919087324	maximum
548	IFNalpha1 - IFNbeta100	1.9268679683809944	maximum
549	IFNalpha1 - IFNbeta100	2.3623096647489636	maximum
550	IFNalpha1 - IFNbeta100	-1.0563223130421666	maximum
551	IFNalpha1 - IFNbeta100	-1.7232403580934292	maximum
552	IFNalpha1 - IFNbeta100	1.80208722136256	maximum
553	IFNalpha1 - IFNbeta100	2.0413576047590425	maximum
554	IFNalpha1 - IFNbeta100	-3.672529591949286	maximum
555	IFNalpha1 - IFNbeta100	-3.3810267112754633	maximum
556	IFNalpha1 - IFNbeta100	-2.7275284693690884	maximum
557	IFNalpha1 - IFNbeta100	-2.1732387087034843	maximum
558	IFNalpha1 - IFNbeta100	1.6837579683381176	maximum
559	IFNalpha1 - IFNbeta100	1.743866267404895	maximum
560	IFNalpha1 - IFNbeta100	-2.3528427059322343	maximum
561	IFNalpha1 - IFNbeta100	1.5147927612264638	maximum
562	IFNalpha1 - IFNbeta100	2.2673665504380116	maximum
563	IFNalpha1 - IFNbeta100	1.815340766711979	maximum
564	IFNalpha1 - IFNbeta100	-1.6198365593073747	maximum
565	IFNalpha1 - IFNbeta100	2.3322086339732153	maximum
566	IFNalpha1 - IFNbeta100	2.1506485078827633	maximum
567	IFNalpha1 - IFNbeta100	-2.613871451573799	maximum
568	IFNalpha1 - IFNbeta100	2.2090474314601507	maximum
569	IFNalpha1 - IFNbeta100	-1.528190256095685	maximum
570	IFNalpha1 - IFNbeta100	-2.2600222312235703	maximum
571	IFNalpha1 - IFNbeta100	-1.9635662463597257	maximum
572	IFNalpha1 - IFNbeta100	-2.017875180620974	maximum
573	IFNalpha1 - IFNbeta100	-2.2399507165835497	maximum
574	IFNalpha1 - IFNbeta100	2.625502798383111	maximum
575	IFNalpha1 - IFNbeta100	1.5166217481373818	maximum
576	IFNalpha1 - IFNbeta100	-2.4389535626703194	maximum
577	IFNalpha1 - IFNbeta100	-2.1451440243142073	maximum
578	IFNalpha1 - IFNbeta100	2.4209886323714853	maximum
579	IFNalpha1 - IFNbeta100	-2.8002643561215663	maximum
580	IFNalpha1 - IFNbeta100	-2.47436629117122	maximum
581	IFNalpha1 - IFNbeta100	-2.398952354763305	maximum
582	IFNalpha1 - IFNbeta100	1.2765777362021062	maximum
583	IFNalpha1 - IFNbeta100	2.4707410856362517	maximum
584	IFNalpha1 - IFNbeta100	-3.324642785093117	maximum
585	IFNalpha1 - IFNbeta100	-1.751890042338884	maximum
586	IFNalpha1 - IFNbeta100	-3.1706872798878267	maximum
587	IFNalpha1 - IFNbeta100	-2.3666288434232734	maximum
588	IFNalpha1 - IFNbeta100	-3.1162178072574447	maximum
589	IFNalpha1 - IFNbeta100	-1.904546687185953	maximum
590	IFNalpha1 - IFNbeta100	2.418354369168796	maximum
591	IFNalpha1 - IFNbeta100	2.187003704097735	maximum
592	IFNalpha1 - IFNbeta100	-1.5383767908668806	maximum
593	IFNalpha1 - IFNbeta100	-2.5443938898076497	maximum
594	IFNalpha1 - IFNbeta100	-3.5157535330417846	maximum
595	IFNalpha1 - IFNbeta100	-1.4894077315184704	maximum
596	IFNalpha1 - IFNbeta100	-3.616052428112928	maximum
597	IFNalpha1 - IFNbeta100	1.8134083343471608	maximum
598	IFNalpha1 - IFNbeta100	-2.479936265383744	maximum
599	IFNalpha1 - IFNbeta100	-2.151058594574519	maximum
600	IFNalpha1 - IFNbeta100	-2.2179172278385013	maximum
601	IFNalpha1 - IFNbeta100	2.5214608824618923	maximum
602	IFNalpha1 - IFNbeta100	-1.9417970922814844	maximum
603	IFNalpha1 - IFNbeta100	-2.6211311882074564	maximum
604	IFNalpha1 - IFNbeta100	-2.3113761761436846	maximum
605	IFNalpha1 - IFNbeta100	1.9813614931261896	maximum
606	IFNalpha1 - IFNbeta100	-6.12646383711538	maximum
607	IFNalpha1 - IFNbeta100	-3.632857880224034	maximum
608	IFNalpha1 - IFNbeta100	-4.295993791279321	maximum
609	IFNalpha1 - IFNbeta100	-1.2522935441125915	maximum
610	IFNalpha1 - IFNbeta100	2.031864523850419	maximum
611	IFNalpha1 - IFNbeta100	-1.549850823682898	maximum
612	IFNalpha1 - IFNbeta100	2.518388757082892	maximum
613	IFNalpha1 - IFNbeta100	1.7424687268982342	maximum
614	IFNalpha1 - IFNbeta100	1.9299196964907872	maximum
615	IFNalpha1 - IFNbeta100	-2.5843340183024672	maximum
616	IFNalpha1 - IFNbeta100	2.1332866374558	maximum
617	IFNalpha1 - IFNbeta100	1.1262016797908536	maximum
618	IFNalpha1 - IFNbeta100	1.8675239833645645	maximum
619	IFNalpha1 - IFNbeta100	1.7405574312504106	maximum
620	IFNalpha1 - IFNbeta100	1.7110517163192829	maximum
621	IFNalpha1 - IFNbeta100	-1.7048204716681017	maximum
622	IFNalpha1 - IFNbeta100	1.5399411101234066	maximum
623	IFNalpha1 - IFNbeta100	2.181187799629359	maximum
624	IFNalpha1 - IFNbeta100	-2.478245371589448	maximum
625	IFNalpha1 - IFNbeta100	-2.023802948171924	maximum
626	IFNalpha1 - IFNbeta100	3.387839061480459	maximum
627	IFNalpha1 - IFNbeta100	1.880844610696859	maximum
628	IFNalpha1 - IFNbeta100	1.9741318749599617	maximum
629	IFNalpha1 - IFNbeta100	-1.5793094926732711	maximum
630	IFNalpha1 - IFNbeta100	1.6574667576522806	maximum
631	IFNalpha1 - IFNbeta100	-1.8241569221458176	maximum
632	IFNalpha1 - IFNbeta100	1.36764039145483	maximum
633	IFNalpha1 - IFNbeta100	-2.4943129765312753	maximum
634	IFNalpha1 - IFNbeta100	-1.7030109543486849	maximum
635	IFNalpha1 - IFNbeta100	1.6655808750529395	maximum
636	IFNalpha1 - IFNbeta100	1.6171946638986328	maximum
637	IFNalpha1 - IFNbeta100	2.4076632961359334	maximum
638	IFNalpha1 - IFNbeta100	1.4748940055241833	maximum
639	IFNalpha1 - IFNbeta100	-3.765556767164135	maximum
640	IFNalpha1 - IFNbeta100	-3.1645153181761847	maximum
641	IFNalpha1 - IFNbeta100	-2.964883173199997	maximum
642	IFNalpha1 - IFNbeta100	-2.3756645902189573	maximum
643	IFNalpha1 - IFNbeta100	1.7642027356155616	maximum
644	IFNalpha1 - IFNbeta100	2.1525962531826486	maximum
645	IFNalpha1 - IFNbeta100	-2.2059131025757535	maximum
646	IFNalpha1 - IFNbeta100	-2.1809247952994406	maximum
647	IFNalpha1 - IFNbeta100	2.925975890786638	maximum
648	IFNalpha1 - IFNbeta100	2.125217532319842	maximum
649	IFNalpha1 - IFNbeta100	2.2263221781492386	maximum
650	IFNalpha1 - IFNbeta100	-2.1239412659245245	maximum
651	IFNalpha1 - IFNbeta100	3.5272094218321075	maximum
652	IFNalpha1 - IFNbeta100	-1.961619987934193	maximum
653	IFNalpha1 - IFNbeta100	-2.0052581164424095	maximum
654	IFNalpha1 - IFNbeta100	3.071636424639576	maximum
655	IFNalpha1 - IFNbeta100	-2.9499378416982096	maximum
656	IFNalpha1 - IFNbeta100	-3.364872822062841	maximum
657	IFNalpha1 - IFNbeta100	-3.695068080056876	maximum
658	IFNalpha1 - IFNbeta100	3.5247690284658213	maximum
659	IFNalpha1 - IFNbeta100	-2.4092667030435417	maximum
660	IFNalpha1 - IFNbeta100	-2.266591892710015	maximum
661	IFNalpha1 - IFNbeta100	-2.7081534684987503	maximum
662	IFNalpha1 - IFNbeta100	-2.2772632896487512	maximum
663	IFNalpha1 - IFNbeta100	2.473355326680051	maximum
664	IFNalpha1 - IFNbeta100	-1.536665038488516	maximum
665	IFNalpha1 - IFNbeta100	-2.2668999676391883	maximum
666	IFNalpha1 - IFNbeta100	2.5621607782303175	maximum
667	IFNalpha1 - IFNbeta100	-3.1453954252228065	maximum
668	IFNalpha1 - IFNbeta100	2.5166612530385595	maximum
669	IFNalpha1 - IFNbeta100	-5.480876797271427	maximum
670	IFNalpha1 - IFNbeta100	2.352813732634138	maximum
671	IFNalpha1 - IFNbeta100	2.1361348696990543	maximum
672	IFNalpha1 - IFNbeta100	1.6563793657713886	maximum
673	IFNalpha1 - IFNbeta100	-2.5185965950225744	maximum
674	IFNalpha1 - IFNbeta100	2.408068657157334	maximum
675	IFNalpha1 - IFNbeta100	-2.234349834238087	maximum
676	IFNalpha1 - IFNbeta100	-2.9828740405226184	maximum
677	IFNalpha1 - IFNbeta100	-1.915356935652776	maximum
678	IFNalpha1 - IFNbeta100	8.228140620348496	maximum
679	IFNalpha1 - IFNbeta100	-2.4862123704072525	maximum
680	IFNalpha1 - IFNbeta100	-3.7346037907468745	maximum
681	IFNalpha1 - IFNbeta100	2.5187595715933586	maximum
682	IFNalpha1 - IFNbeta100	-1.5072946516745378	maximum
683	IFNalpha1 - IFNbeta100	2.559974542621126	maximum
684	IFNalpha1 - IFNbeta100	-1.9464504909927256	maximum
685	IFNalpha1 - IFNbeta100	-2.408312640259719	maximum
686	IFNalpha1 - IFNbeta100	-3.1268755479596275	maximum
687	IFNalpha1 - IFNbeta100	1.5721793358343503	maximum
688	IFNalpha1 - IFNbeta100	-2.799347069892581	maximum
689	IFNalpha1 - IFNbeta100	-2.6235260648786496	maximum
690	IFNalpha1 - IFNbeta100	-2.7379232238285423	maximum
691	IFNalpha1 - IFNbeta100	2.350638760274466	maximum
692	IFNalpha1 - IFNbeta100	2.1181311762513557	maximum
693	IFNalpha1 - IFNbeta100	-2.497715667148746	maximum
694	IFNalpha1 - IFNbeta100	-2.9742942728436512	maximum
695	IFNalpha1 - IFNbeta100	-2.934520253433158	maximum
696	IFNalpha1 - IFNbeta100	-4.229922773671727	maximum
697	IFNalpha1 - IFNbeta100	-2.1663230103779343	maximum
698	IFNalpha1 - IFNbeta100	-1.2130316884617731	maximum
699	IFNalpha1 - IFNbeta100	-2.2178039363235302	maximum
700	IFNalpha1 - IFNbeta100	2.7810101955977253	maximum
701	IFNalpha1 - IFNbeta100	1.9609135915222533	maximum
702	IFNalpha1 - IFNbeta100	-1.969997226914502	maximum
703	IFNalpha1 - IFNbeta100	-2.171560536106093	maximum
704	IFNalpha1 - IFNbeta100	-1.6990791280388666	maximum
705	IFNalpha1 - IFNbeta100	1.8812773622135437	maximum
706	IFNalpha1 - IFNbeta100	-2.1279264670540847	maximum
707	IFNalpha1 - IFNbeta100	2.152789068965487	maximum
708	IFNalpha1 - IFNbeta100	2.079781364624755	maximum
709	IFNalpha1 - IFNbeta100	1.3770953296293462	maximum
710	IFNalpha1 - IFNbeta100	2.3014698013141413	maximum
711	IFNalpha1 - IFNbeta100	-2.4582051378468637	maximum
712	IFNalpha1 - IFNbeta100	-1.7548304184267032	maximum
713	IFNalpha1 - IFNbeta100	-1.5804910482577252	maximum
714	IFNalpha1 - IFNbeta100	-2.2955125599793034	maximum
715	IFNalpha1 - IFNbeta100	2.3005770199627196	maximum
716	IFNalpha1 - IFNbeta100	-1.185721519346678	maximum
717	IFNalpha1 - IFNbeta100	2.467936264424791	maximum
718	IFNalpha1 - IFNbeta100	-2.3330437387421235	maximum
719	IFNalpha1 - IFNbeta100	-2.5445827244027908	maximum
720	IFNalpha1 - IFNbeta100	-1.807231413356098	maximum
721	IFNalpha1 - IFNbeta100	-3.055550396298366	maximum
722	IFNalpha1 - IFNbeta100	-2.885242299434759	maximum
723	IFNalpha1 - IFNbeta100	2.688376941499769	maximum
724	IFNalpha1 - IFNbeta100	-2.332589214773858	maximum
725	IFNalpha1 - IFNbeta100	-1.6750962699635763	maximum
726	IFNalpha1 - IFNbeta100	-1.9409564925419616	maximum
727	IFNalpha1 - IFNbeta100	3.009209162204033	maximum
728	IFNalpha1 - IFNbeta100	2.855560171141311	maximum
729	IFNalpha1 - IFNbeta100	2.2275449153843967	maximum
730	IFNalpha1 - IFNbeta100	2.7399885471987275	maximum
731	IFNalpha1 - IFNbeta100	-2.2025200508708145	maximum
732	IFNalpha1 - IFNbeta100	-3.6648804645925503	maximum
733	IFNalpha1 - IFNbeta100	-2.51971293034877	maximum
734	IFNalpha1 - IFNbeta100	-1.80906572725154	maximum
735	IFNalpha1 - IFNbeta100	-2.780555786476732	maximum
736	IFNalpha1 - IFNbeta100	3.257062476776989	maximum
737	IFNalpha1 - IFNbeta100	-3.1484246323211966	maximum
738	IFNalpha1 - IFNbeta100	-1.9405958434332709	maximum
739	IFNalpha1 - IFNbeta100	-2.5681670033767157	maximum
740	IFNalpha1 - IFNbeta100	-2.497811261935203	maximum
741	IFNalpha1 - IFNbeta100	-2.502028764014115	maximum
742	IFNalpha1 - IFNbeta100	-2.623640603637367	maximum
743	IFNalpha1 - IFNbeta100	3.130852863100435	maximum
744	IFNalpha1 - IFNbeta100	2.010718383039108	maximum
745	IFNalpha1 - IFNbeta100	1.9115560053470304	maximum
746	IFNalpha1 - IFNbeta100	-2.092955097706161	maximum
747	IFNalpha1 - IFNbeta100	1.3678865364758994	maximum
748	IFNalpha1 - IFNbeta100	3.007434841358407	maximum
749	IFNalpha1 - IFNbeta100	1.4425568179014947	maximum
750	IFNalpha1 - IFNbeta100	-1.9338418625005	maximum
751	IFNalpha1 - IFNbeta100	2.4997984227390093	maximum
752	IFNalpha1 - IFNbeta100	-2.082751296813925	maximum
753	IFNalpha1 - IFNbeta100	4.30826197682676	maximum
754	IFNalpha1 - IFNbeta100	1.6242773153207204	maximum
755	IFNalpha1 - IFNbeta100	-3.212190886895949	maximum
756	IFNalpha1 - IFNbeta100	-2.532776320485847	maximum
757	IFNalpha1 - IFNbeta100	-3.5420985914757877	maximum
758	IFNalpha1 - IFNbeta100	-2.3531844268189546	maximum
759	IFNalpha1 - IFNbeta100	2.517719460231365	maximum
760	IFNalpha1 - IFNbeta100	1.548115666655022	maximum
761	IFNalpha1 - IFNbeta100	1.7752133378266926	maximum
762	IFNalpha1 - IFNbeta100	-2.2393165586332895	maximum
763	IFNalpha1 - IFNbeta100	-2.485190049275169	maximum
764	IFNalpha1 - IFNbeta100	-2.0538026582243085	maximum
765	IFNalpha1 - IFNbeta100	1.737619210031662	maximum
766	IFNalpha1 - IFNbeta100	4.465619153360874	maximum
767	IFNalpha1 - IFNbeta100	2.0475041453201213	maximum
768	IFNalpha1 - IFNbeta100	-2.230937459541016	maximum
769	IFNalpha1 - IFNbeta100	1.6899058252277277	maximum
770	IFNalpha1 - IFNbeta100	-2.3778912048485203	maximum
771	IFNalpha1 - IFNbeta100	-1.9438653271584136	maximum
772	IFNalpha1 - IFNbeta100	2.1398410875568734	maximum
773	IFNalpha1 - IFNbeta100	1.6052190416945606	maximum
774	IFNalpha1 - IFNbeta100	2.270159517050557	maximum
775	IFNalpha1 - IFNbeta100	2.1651726273610485	maximum
776	IFNalpha1 - IFNbeta100	-1.9996512686762984	maximum
777	IFNalpha1 - IFNbeta100	-2.884479615383188	maximum
778	IFNalpha1 - IFNbeta100	-3.281737172742799	maximum
779	IFNalpha1 - IFNbeta100	-2.8332005492623713	maximum
780	IFNalpha1 - IFNbeta100	-2.841497179622502	maximum
781	IFNalpha1 - IFNbeta100	-2.950895619312469	maximum
782	IFNalpha1 - IFNbeta100	-4.834498140650516	maximum
783	IFNalpha1 - IFNbeta100	-2.1699603916170727	maximum
784	IFNalpha1 - IFNbeta100	2.231598976706708	maximum
785	IFNalpha1 - IFNbeta100	-2.822932294635581	maximum
786	IFNalpha1 - IFNbeta100	-1.844745070313804	maximum
787	IFNalpha1 - IFNbeta100	2.3392272790028015	maximum
788	IFNalpha1 - IFNbeta100	1.6525274359112856	maximum
789	IFNalpha1 - IFNbeta100	-2.372049519747818	maximum
790	IFNalpha1 - IFNbeta100	-2.3617561230639046	maximum
791	IFNalpha1 - IFNbeta100	-2.060149827071735	maximum
792	IFNalpha1 - IFNbeta100	-2.304056025910102	maximum
793	IFNalpha1 - IFNbeta100	-2.4823466120123148	maximum
794	IFNalpha1 - IFNbeta100	-2.4299224884211656	maximum
795	IFNalpha1 - IFNbeta100	1.5746898487154952	maximum
796	IFNalpha1 - IFNbeta100	2.712581832854232	maximum
797	IFNalpha1 - IFNbeta100	-1.7993841313269792	maximum
798	IFNalpha1 - IFNbeta100	-2.384527071186138	maximum
799	IFNalpha1 - IFNbeta100	-3.197706560642162	maximum
800	IFNalpha1 - IFNbeta100	-2.3786758216715973	maximum
801	IFNalpha1 - IFNbeta100	-3.023307136482549	maximum
802	IFNalpha1 - IFNbeta100	2.2990935525324456	maximum
803	IFNalpha1 - IFNbeta100	-2.5659472729385033	maximum
804	IFNalpha1 - IFNbeta100	-2.4992923269301763	maximum
805	IFNalpha1 - IFNbeta100	-2.2181602186116685	maximum
806	IFNalpha1 - IFNbeta100	-2.7135078947613507	maximum
807	IFNalpha1 - IFNbeta100	-3.053836985065351	maximum
808	IFNalpha1 - IFNbeta100	2.1449813423677404	maximum
809	IFNalpha1 - IFNbeta100	-2.2345692579739858	maximum
810	IFNalpha1 - IFNbeta100	2.37363991758351	maximum
811	IFNalpha1 - IFNbeta100	-2.062359513432911	maximum
812	IFNalpha1 - IFNbeta100	-2.4944355934246323	maximum
813	IFNalpha1 - IFNbeta100	1.560225678275041	maximum
814	IFNalpha1 - IFNbeta100	2.4736568825316194	maximum
815	IFNalpha1 - IFNbeta100	2.215619862920642	maximum
816	IFNalpha1 - IFNbeta100	-2.031690677965092	maximum
817	IFNalpha1 - IFNbeta100	2.15540936426743	maximum
818	IFNalpha1 - IFNbeta100	-1.8923842950710468	maximum
819	IFNalpha1 - IFNbeta100	-1.8823813351780716	maximum
820	IFNalpha1 - IFNbeta100	1.7776545331686904	maximum
821	IFNalpha1 - IFNbeta100	-1.5621124089787526	maximum
822	IFNalpha1 - IFNbeta100	-1.6836366155862117	maximum
823	IFNalpha1 - IFNbeta100	-2.951964374168007	maximum
824	IFNalpha1 - IFNbeta100	-1.7703824804439052	maximum
825	IFNalpha1 - IFNbeta100	-2.33028690057265	maximum
826	IFNalpha1 - IFNbeta100	2.6609979108028834	maximum
827	IFNalpha1 - IFNbeta100	-2.6575157465699957	maximum
828	IFNalpha1 - IFNbeta100	-1.9063054569067337	maximum
829	IFNalpha1 - IFNbeta100	1.69954893969901	maximum
830	IFNalpha1 - IFNbeta100	1.956134009939854	maximum
831	IFNalpha1 - IFNbeta100	1.2307354729214766	maximum
832	IFNalpha1 - IFNbeta100	-2.505473251394238	maximum
833	IFNalpha1 - IFNbeta100	2.736584376037352	maximum
834	IFNalpha1 - IFNbeta100	2.1954682261786513	maximum
835	IFNalpha1 - IFNbeta100	2.1640415430539535	maximum
836	IFNalpha1 - IFNbeta100	-2.0121885799246777	maximum
837	IFNalpha1 - IFNbeta100	2.265595769960209	maximum
838	IFNalpha1 - IFNbeta100	2.4681516661204506	maximum
839	IFNalpha1 - IFNbeta100	1.9393962773343805	maximum
840	IFNalpha1 - IFNbeta100	-2.364443027630567	maximum
841	IFNalpha1 - IFNbeta100	-1.918015004846466	maximum
842	IFNalpha1 - IFNbeta100	-1.93312241058124	maximum
843	IFNalpha1 - IFNbeta100	-2.3136187187238715	maximum
844	IFNalpha1 - IFNbeta100	-2.7101519057267387	maximum
845	IFNalpha1 - IFNbeta100	2.3458572961108453	maximum
846	IFNalpha1 - IFNbeta100	-1.8560941118703216	maximum
847	IFNalpha1 - IFNbeta100	2.396230077604724	maximum
848	IFNalpha1 - IFNbeta100	3.0539900920929046	maximum
849	IFNalpha1 - IFNbeta100	-2.4089110603771595	maximum
850	IFNalpha1 - IFNbeta100	-2.2608445421922356	maximum
851	IFNalpha1 - IFNbeta100	-2.9164121463068744	maximum
852	IFNalpha1 - IFNbeta100	-2.374990656783352	maximum
853	IFNalpha1 - IFNbeta100	-2.686244742248477	maximum
854	IFNalpha1 - IFNbeta100	3.677893280620597	maximum
855	IFNalpha1 - IFNbeta100	-2.5518910130638184	maximum
856	IFNalpha1 - IFNbeta100	-6.372069148732056	maximum
857	IFNalpha1 - IFNbeta100	-2.684152413090992	maximum
858	IFNalpha1 - IFNbeta100	-2.740009222598681	maximum
859	IFNalpha1 - IFNbeta100	-2.6608368681168506	maximum
860	IFNalpha1 - IFNbeta100	-3.13664509124308	maximum
861	IFNalpha1 - IFNbeta100	-2.9973944917490845	maximum
862	IFNalpha1 - IFNbeta100	2.551215687434911	maximum
863	IFNalpha1 - IFNbeta100	-3.0771898425922863	maximum
864	IFNalpha1 - IFNbeta100	-3.101146900022197	maximum
865	IFNalpha1 - IFNbeta100	-2.869403338557495	maximum
866	IFNalpha1 - IFNbeta100	-2.109972057623889	maximum
867	IFNalpha1 - IFNbeta100	-3.443879785796447	maximum
868	IFNalpha1 - IFNbeta100	-2.0366831075471548	maximum
869	IFNalpha1 - IFNbeta100	-2.77639774142151	maximum
870	IFNalpha1 - IFNbeta100	-2.3927006934651702	maximum
871	IFNalpha1 - IFNbeta100	1.8487733620686997	maximum
872	IFNalpha1 - IFNbeta100	-1.8052356061603496	maximum
873	IFNalpha1 - IFNbeta100	2.21764073423156	maximum
874	IFNalpha1 - IFNbeta100	2.311391041894577	maximum
875	IFNalpha1 - IFNbeta100	1.9629920656423048	maximum
876	IFNalpha1 - IFNbeta100	-2.2195675644484028	maximum
877	IFNalpha1 - IFNbeta100	-1.9352552153265328	maximum
878	IFNalpha1 - IFNbeta100	1.6771579324196475	maximum
879	IFNalpha1 - IFNbeta100	2.2352519240641056	maximum
880	IFNalpha1 - IFNbeta100	-2.0348263723784523	maximum
881	IFNalpha1 - IFNbeta100	2.361753020164203	maximum
882	IFNalpha1 - IFNbeta100	-2.674881791959984	maximum
883	IFNalpha1 - IFNbeta100	1.8567050012391777	maximum
884	IFNalpha1 - IFNbeta100	2.5896589987852563	maximum
885	IFNalpha1 - IFNbeta100	-1.9253277204097232	maximum
886	IFNalpha1 - IFNbeta100	2.5936736639571705	maximum
887	IFNalpha1 - IFNbeta100	-2.591702551034972	maximum
888	IFNalpha1 - IFNbeta100	2.1577106382198172	maximum
889	IFNalpha1 - IFNbeta100	2.3754579237787334	maximum
890	IFNalpha1 - IFNbeta100	2.1513198407161855	maximum
891	IFNalpha1 - IFNbeta100	1.5640066986976784	maximum
892	IFNalpha1 - IFNbeta100	-2.9370203284448237	maximum
893	IFNalpha1 - IFNbeta100	-3.5505935885261892	maximum
894	IFNalpha1 - IFNbeta100	-2.1463528529150127	maximum
895	IFNalpha1 - IFNbeta100	-4.665420754481618	maximum
896	IFNalpha1 - IFNbeta100	-3.055938460033148	maximum
897	IFNalpha1 - IFNbeta100	-2.0343359983860685	maximum
898	IFNalpha1 - IFNbeta100	-2.83331098440881	maximum
899	IFNalpha1 - IFNbeta100	-2.4287460505467635	maximum
900	IFNalpha1 - IFNbeta100	-2.326028666353135	maximum
901	IFNalpha1 - IFNbeta100	1.5331087065387825	maximum
902	IFNalpha1 - IFNbeta100	1.958414390223284	maximum
903	IFNalpha1 - IFNbeta100	1.4684393862848413	maximum
904	IFNalpha1 - IFNbeta100	-2.6412801192706516	maximum
905	IFNalpha1 - IFNbeta100	-2.688648036022448	maximum
906	IFNalpha1 - IFNbeta100	2.957899629473213	maximum
907	IFNalpha1 - IFNbeta100	-1.8968421879991864	maximum
908	IFNalpha1 - IFNbeta100	-2.4626430354005344	maximum
909	IFNalpha1 - IFNbeta100	-2.709240380482468	maximum
910	IFNalpha1 - IFNbeta100	-3.1792423433231756	maximum
911	IFNalpha1 - IFNbeta100	-2.89067206561077	maximum
912	IFNalpha1 - IFNbeta100	-2.2041994931659414	maximum
913	IFNalpha1 - IFNbeta100	-3.1074294102422404	maximum
914	IFNalpha1 - IFNbeta100	-2.7429545690281447	maximum
915	IFNalpha1 - IFNbeta100	2.806477285287716	maximum
916	IFNalpha1 - IFNbeta100	-2.7375228803818623	maximum
917	IFNalpha1 - IFNbeta100	-3.1883381776965822	maximum
918	IFNalpha1 - IFNbeta100	1.8201486934157984	maximum
919	IFNalpha1 - IFNbeta100	1.6997196269380368	maximum
920	IFNalpha1 - IFNbeta100	-2.23725028076944	maximum
921	IFNalpha1 - IFNbeta100	1.2374075815492025	maximum
922	IFNalpha1 - IFNbeta100	2.1908927300082786	maximum
923	IFNalpha1 - IFNbeta100	2.1946727548282134	maximum
924	IFNalpha1 - IFNbeta100	2.271316809703454	maximum
925	IFNalpha1 - IFNbeta100	-1.486593786072712	maximum
926	IFNalpha1 - IFNbeta100	2.2296622082290485	maximum
927	IFNalpha1 - IFNbeta100	3.192678753423798	maximum
928	IFNalpha1 - IFNbeta100	-3.3344607722421307	maximum
929	IFNalpha1 - IFNbeta100	-2.5971376737235867	maximum
930	IFNalpha1 - IFNbeta100	-3.301377529109831	maximum
931	IFNalpha1 - IFNbeta100	-2.3245234175491305	maximum
932	IFNalpha1 - IFNbeta100	1.616150040338408	maximum
933	IFNalpha1 - IFNbeta100	2.016705619262566	maximum
934	IFNalpha1 - IFNbeta100	-1.702984414939258	maximum
935	IFNalpha1 - IFNbeta100	-2.8176269359490744	maximum
936	IFNalpha1 - IFNbeta100	-2.0995577279920634	maximum
937	IFNalpha1 - IFNbeta100	-1.787508969492873	maximum
938	IFNalpha1 - IFNbeta100	1.9836773084465005	maximum
939	IFNalpha1 - IFNbeta100	1.7765633463215196	maximum
940	IFNalpha1 - IFNbeta100	2.4198393840090135	maximum
941	IFNalpha1 - IFNbeta100	-2.3795812029987693	maximum
942	IFNalpha1 - IFNbeta100	2.735760262865698	maximum
943	IFNalpha1 - IFNbeta100	1.5497990208688082	maximum
944	IFNalpha1 - IFNbeta100	-2.0095045348911698	maximum
945	IFNalpha1 - IFNbeta100	-1.6882333420324955	maximum
946	IFNalpha1 - IFNbeta100	1.800381157076383	maximum
947	IFNalpha1 - IFNbeta100	-2.2304903929928135	maximum
948	IFNalpha1 - IFNbeta100	-2.008973958454083	maximum
949	IFNalpha1 - IFNbeta100	1.9465788909171375	maximum
950	IFNalpha1 - IFNbeta100	-2.7217014951013216	maximum
951	IFNalpha1 - IFNbeta100	1.9260856778203048	maximum
952	IFNalpha1 - IFNbeta100	-2.070394280454903	maximum
953	IFNalpha1 - IFNbeta100	2.6362781039327308	maximum
954	IFNalpha1 - IFNbeta100	2.033573606053863	maximum
955	IFNalpha1 - IFNbeta100	1.9825929662053008	maximum
956	IFNalpha1 - IFNbeta100	-3.04628739434436	maximum
957	IFNalpha1 - IFNbeta100	2.4123759633102253	maximum
958	IFNalpha1 - IFNbeta100	2.04634874461702	maximum
959	IFNalpha1 - IFNbeta100	-2.8272097893575516	maximum
960	IFNalpha1 - IFNbeta100	-2.927742577997246	maximum
961	IFNalpha1 - IFNbeta100	-1.8850000148105963	maximum
962	IFNalpha1 - IFNbeta100	-2.9618803502654925	maximum
963	IFNalpha1 - IFNbeta100	-3.4526268921762853	maximum
964	IFNalpha1 - IFNbeta100	-2.4115861097329185	maximum
965	IFNalpha1 - IFNbeta100	-2.1540531099256195	maximum
966	IFNalpha1 - IFNbeta100	-2.3040170500119728	maximum
967	IFNalpha1 - IFNbeta100	1.9923368082909496	maximum
968	IFNalpha1 - IFNbeta100	-2.2460444111920492	maximum
969	IFNalpha1 - IFNbeta100	2.1184621914120396	maximum
970	IFNalpha1 - IFNbeta100	2.4122614903244495	maximum
971	IFNalpha1 - IFNbeta100	-2.833286926172752	maximum
972	IFNalpha1 - IFNbeta100	-2.727045486819977	maximum
973	IFNalpha1 - IFNbeta100	1.7764246018803458	maximum
974	IFNalpha1 - IFNbeta100	-1.9737360451416344	maximum
975	IFNalpha1 - IFNbeta100	2.274131261655358	maximum
976	IFNalpha1 - IFNbeta100	2.045055445325355	maximum
977	IFNalpha1 - IFNbeta100	-3.2759837500419784	maximum
978	IFNalpha1 - IFNbeta100	-2.7091850714572687	maximum
979	IFNalpha1 - IFNbeta100	-2.095903054026553	maximum
980	IFNalpha1 - IFNbeta100	-2.1793872192662804	maximum
981	IFNalpha1 - IFNbeta100	-2.660458596690035	maximum
982	IFNalpha1 - IFNbeta100	-2.4732768436621853	maximum
983	IFNalpha1 - IFNbeta100	-2.973907879614655	maximum
984	IFNalpha1 - IFNbeta100	-2.9249681874940463	maximum
985	IFNalpha1 - IFNbeta100	-4.379490013356429	maximum
986	IFNalpha1 - IFNbeta100	2.1135377767027	maximum
987	IFNalpha1 - IFNbeta100	2.926663215998798	maximum
988	IFNalpha1 - IFNbeta100	-2.519879105455409	maximum
989	IFNalpha1 - IFNbeta100	-1.71209837177483	maximum
990	IFNalpha1 - IFNbeta100	-2.86092093111921	maximum
991	IFNalpha1 - IFNbeta100	-1.9057576497040811	maximum
992	IFNalpha1 - IFNbeta100	2.3279199586552006	maximum
993	IFNalpha1 - IFNbeta100	2.4983940967131573	maximum
994	IFNalpha1 - IFNbeta100	2.506058053925474	maximum
995	IFNalpha1 - IFNbeta100	-2.461226147340391	maximum
996	IFNalpha1 - IFNbeta100	-2.0618961766739377	maximum
997	IFNalpha1 - IFNbeta100	3.3291229861082665	maximum
998	IFNalpha1 - IFNbeta100	-2.307230773532076	maximum
999	IFNalpha1 - IFNbeta100	-2.3201828405026697	maximum
1000	IFNalpha1 - IFNbeta100	-2.326525573975181	maximum
1001	IFNalpha1 - IFNbeta100	-2.7582546698760417	maximum
1002	IFNalpha1 - IFNbeta100	1.812637529817552	maximum
1003	IFNalpha1 - IFNbeta100	2.159799591292334	maximum
1004	IFNalpha1 - IFNbeta100	-2.933667793100625	maximum
1005	IFNalpha1 - IFNbeta100	-1.9796078204466412	maximum
1006	IFNalpha1 - IFNbeta100	-4.173036291538266	maximum
1007	IFNalpha1 - IFNbeta100	-3.276818656837092	maximum
1008	IFNalpha1 - IFNbeta100	-3.456543112932081	maximum
1009	IFNalpha1 - IFNbeta100	-3.474441140031717	maximum
1010	IFNalpha1 - IFNbeta100	-3.20435972652848	maximum
1011	IFNalpha1 - IFNbeta100	-3.484924734499134	maximum
1012	IFNalpha1 - IFNbeta100	-1.682202159049116	maximum
1013	IFNalpha1 - IFNbeta100	-3.056474486640747	maximum
1014	IFNalpha1 - IFNbeta100	-3.8674074983294378	maximum
1015	IFNalpha1 - IFNbeta100	-2.894036844172347	maximum
1016	IFNalpha1 - IFNbeta100	-3.1525363875317174	maximum
1017	IFNalpha1 - IFNbeta100	-3.1343209324549828	maximum
1018	IFNalpha1 - IFNbeta100	-2.2860433566099605	maximum
1019	IFNalpha1 - IFNbeta100	-2.098571022739404	maximum
1020	IFNalpha1 - IFNbeta100	-4.048049186498828	maximum
1021	IFNalpha1 - IFNbeta100	-3.094441150023727	maximum
1022	IFNalpha1 - IFNbeta100	-4.023182294654649	maximum
1023	IFNalpha1 - IFNbeta100	-3.7114108631634086	maximum
1024	IFNalpha1 - IFNbeta100	-3.440395165570479	maximum
1025	IFNalpha1 - IFNbeta100	-2.8006295994641115	maximum
1026	IFNalpha1 - IFNbeta100	-3.893214663595878	maximum
1027	IFNalpha1 - IFNbeta100	-4.614773811698308	maximum
1028	IFNalpha1 - IFNbeta100	-5.2548913672344675	maximum
1029	IFNalpha1 - IFNbeta100	3.0377668696148588	maximum
1030	IFNalpha1 - IFNbeta100	-3.2122476776290836	maximum
1031	IFNalpha1 - IFNbeta100	-3.198337701374413	maximum
1032	IFNalpha1 - IFNbeta100	1.8505410392813804	maximum
1033	IFNalpha1 - IFNbeta100	1.7111104900645686	maximum
1034	IFNalpha1 - IFNbeta100	-3.2576320803074883	maximum
1035	IFNalpha1 - IFNbeta100	2.640143036103791	maximum
1036	IFNalpha1 - IFNbeta100	-4.448589581740731	maximum
1037	IFNalpha1 - IFNbeta100	-2.593914715197276	maximum
1038	IFNalpha1 - IFNbeta100	-2.7566915316599703	maximum
1039	IFNalpha1 - IFNbeta100	-3.039839939046751	maximum
1040	IFNalpha1 - IFNbeta100	-3.148089518388131	maximum
1041	IFNalpha1 - IFNbeta100	-3.580666042520688	maximum
1042	IFNalpha1 - IFNbeta100	-3.029011351685977	maximum
1043	IFNalpha1 - IFNbeta100	-2.9656654431678113	maximum
1044	IFNalpha1 - IFNbeta100	2.6799491519236875	maximum
1045	IFNalpha1 - IFNbeta100	-3.497370290365117	maximum
1046	IFNalpha1 - IFNbeta100	-4.002746850392156	maximum
1047	IFNalpha1 - IFNbeta100	-3.232350374794812	maximum
1048	IFNalpha1 - IFNbeta100	-2.3203227037299237	maximum
1049	IFNalpha1 - IFNbeta100	-3.1140017391936943	maximum
1050	IFNalpha1 - IFNbeta100	-3.5625651268051546	maximum
1051	IFNalpha1 - IFNbeta100	-1.4928548895681744	maximum
1052	IFNalpha1 - IFNbeta100	-1.9063847236768616	maximum
1053	IFNalpha1 - IFNbeta100	-2.659430394946013	maximum
1054	IFNalpha1 - IFNbeta100	-2.39292808008001	maximum
1055	IFNalpha1 - IFNbeta100	-1.931393864096389	maximum
1056	IFNalpha1 - IFNbeta100	-1.6420547226557505	maximum
1057	IFNalpha1 - IFNbeta100	2.2586361377043622	maximum
1058	IFNalpha1 - IFNbeta100	-1.3183848903618436	maximum
1059	IFNalpha1 - IFNbeta100	-1.5016082077285668	maximum
1060	IFNalpha1 - IFNbeta100	-1.686904393805927	maximum
1061	IFNalpha1 - IFNbeta100	1.6555990296755518	maximum
1062	IFNalpha1 - IFNbeta100	1.5510041723826922	maximum
1063	IFNalpha1 - IFNbeta100	2.459364041397649	maximum
1064	IFNalpha1 - IFNbeta100	-2.0930373316618844	maximum
1065	IFNalpha1 - IFNbeta100	1.279409662854899	maximum
1066	IFNalpha1 - IFNbeta100	-1.9652266710010349	maximum
1067	IFNalpha1 - IFNbeta100	-3.098360765148126	maximum
1068	IFNalpha1 - IFNbeta100	3.588800128018047	maximum
1069	IFNalpha1 - IFNbeta100	-2.16024531577606	maximum
1070	IFNalpha1 - IFNbeta100	-1.6659958692132244	maximum
1071	IFNalpha1 - IFNbeta100	-2.354816651137137	maximum
1072	IFNalpha1 - IFNbeta100	-2.170379268527332	maximum
1073	IFNalpha1 - IFNbeta100	1.9188992979428467	maximum
1074	IFNalpha1 - IFNbeta100	-1.8136610665479145	maximum
1075	IFNalpha1 - IFNbeta100	-2.094908801559322	maximum
1076	IFNalpha1 - IFNbeta100	-2.2838044480660016	maximum
1077	IFNalpha1 - IFNbeta100	-1.868034909100636	maximum
1078	IFNalpha1 - IFNbeta100	-2.971885506106856	maximum
1079	IFNalpha1 - IFNbeta100	-1.4785853152533897	maximum
1080	IFNalpha1 - IFNbeta100	1.5844396976119277	maximum
1081	IFNalpha1 - IFNbeta100	-2.7607243444707827	maximum
1082	IFNalpha1 - IFNbeta100	-2.9169015889804424	maximum
1083	IFNalpha1 - IFNbeta100	-2.293861686123929	maximum
1084	IFNalpha1 - IFNbeta100	-2.177947013963261	maximum
1085	IFNalpha1 - IFNbeta100	-3.402586121067005	maximum
1086	IFNalpha1 - IFNbeta100	-2.0225304868610774	maximum
1087	IFNalpha1 - IFNbeta100	-2.3888485652761764	maximum
1088	IFNalpha1 - IFNbeta100	-2.1892300915069987	maximum
1089	IFNalpha1 - IFNbeta100	-3.079920168235949	maximum
1090	IFNalpha1 - IFNbeta100	2.2769620726942215	maximum
1091	IFNalpha1 - IFNbeta100	1.7322386367315024	maximum
1092	IFNalpha1 - IFNbeta100	-2.2851647166751734	maximum
1093	IFNalpha1 - IFNbeta100	-2.133066834329941	maximum
1094	IFNalpha1 - IFNbeta100	-2.2488885160750365	maximum
1095	IFNalpha1 - IFNbeta100	1.5893967040659784	maximum
1096	IFNalpha1 - IFNbeta100	-1.6239029856864675	maximum
1097	IFNalpha1 - IFNbeta100	1.6218125094603646	maximum
1098	IFNalpha1 - IFNbeta100	-2.6239192516886156	maximum
1099	IFNalpha1 - IFNbeta100	2.36866562953626	maximum
1100	IFNalpha1 - IFNbeta100	1.8089052429154624	maximum
1101	IFNalpha1 - IFNbeta100	-2.2556066817226683	maximum
1102	IFNalpha1 - IFNbeta100	2.8490174984932932	maximum
1103	IFNalpha1 - IFNbeta100	1.6968190568799202	maximum
1104	IFNalpha1 - IFNbeta100	-2.0726896790121816	maximum
1105	IFNalpha1 - IFNbeta100	2.1431140617100977	maximum
1106	IFNalpha1 - IFNbeta100	2.2047338575341833	maximum
1107	IFNalpha1 - IFNbeta100	2.26306912385098	maximum
1108	IFNalpha1 - IFNbeta100	-2.2905826679235117	maximum
1109	IFNalpha1 - IFNbeta100	1.9746315753952624	maximum
1110	IFNalpha1 - IFNbeta100	1.9640838117702484	maximum
1111	IFNalpha1 - IFNbeta100	1.5574570584308711	maximum
1112	IFNalpha1 - IFNbeta100	2.0983792006325213	maximum
1113	IFNalpha1 - IFNbeta100	1.6659633152523443	maximum
1114	IFNalpha1 - IFNbeta100	-2.302335297108305	maximum
1115	IFNalpha1 - IFNbeta100	-2.0979627312679647	maximum
1116	IFNalpha1 - IFNbeta100	2.8438327982440748	maximum
1117	IFNalpha1 - IFNbeta100	2.00504901326826	maximum
1118	IFNalpha1 - IFNbeta100	1.7201181916670558	maximum
1119	IFNalpha1 - IFNbeta100	-1.7953825762806743	maximum
1120	IFNalpha1 - IFNbeta100	-1.7039581319866828	maximum
1121	IFNalpha1 - IFNbeta100	1.93832242066568	maximum
1122	IFNalpha1 - IFNbeta100	2.26309157229891	maximum
1123	IFNalpha1 - IFNbeta100	2.434993068311587	maximum
1124	IFNalpha1 - IFNbeta100	-3.968703011142833	maximum
1125	IFNalpha1 - IFNbeta100	-1.4938743761336928	maximum
1126	IFNalpha1 - IFNbeta100	-2.877209756189447	maximum
1127	IFNalpha1 - IFNbeta100	1.8651396354777043	maximum
1128	IFNalpha1 - IFNbeta100	-4.167876857167558	maximum
1129	IFNalpha1 - IFNbeta100	-2.1610211500984304	maximum
1130	IFNalpha1 - IFNbeta100	-2.4421168114279075	maximum
1131	IFNalpha1 - IFNbeta100	2.52456153592258	maximum
1132	IFNalpha1 - IFNbeta100	-2.439068486921499	maximum
1133	IFNalpha1 - IFNbeta100	2.676002188662502	maximum
1134	IFNalpha1 - IFNbeta100	-3.8440126732312536	maximum
1135	IFNalpha1 - IFNbeta100	-2.7141890075428408	maximum
1136	IFNalpha1 - IFNbeta100	-2.3419338299824988	maximum
1137	IFNalpha1 - IFNbeta100	-2.499586137043208	maximum
1138	IFNalpha1 - IFNbeta100	-2.2866721533205463	maximum
1139	IFNalpha1 - IFNbeta100	3.0470137278078977	maximum
1140	IFNalpha1 - IFNbeta100	-2.6034552135234073	maximum
1141	IFNalpha1 - IFNbeta100	-3.4600544385948098	maximum
1142	IFNalpha1 - IFNbeta100	2.9247483183009946	maximum
1143	IFNalpha1 - IFNbeta100	-2.9507760557744036	maximum
1144	IFNalpha1 - IFNbeta100	-3.914732359535428	maximum
1145	IFNalpha1 - IFNbeta100	3.299729781029632	maximum
1146	IFNalpha1 - IFNbeta100	-2.965955274296173	maximum
1147	IFNalpha1 - IFNbeta100	-1.8672990730755823	maximum
1148	IFNalpha1 - IFNbeta100	-3.220797373814857	maximum
1149	IFNalpha1 - IFNbeta100	1.693033120963447	maximum
1150	IFNalpha1 - IFNbeta100	-2.0194508996865648	maximum
1151	IFNalpha1 - IFNbeta100	-2.7911865959738935	maximum
1152	IFNalpha1 - IFNbeta100	-3.3453043738680184	maximum
1153	IFNalpha1 - IFNbeta100	-1.5318506231273987	maximum
1154	IFNalpha1 - IFNbeta100	2.3343863603373185	maximum
1155	IFNalpha1 - IFNbeta100	2.1392346998089873	maximum
1156	IFNalpha1 - IFNbeta100	-3.0186029017801084	maximum
1157	IFNalpha1 - IFNbeta100	-2.235096871877821	maximum
1158	IFNalpha1 - IFNbeta100	-2.6915856064059684	maximum
1159	IFNalpha1 - IFNbeta100	-2.945923748234995	maximum
1160	IFNalpha1 - IFNbeta100	2.1900345135769097	maximum
1161	IFNalpha1 - IFNbeta100	-2.8103963323451877	maximum
1162	IFNalpha1 - IFNbeta100	-4.288745528148962	maximum
1163	IFNalpha1 - IFNbeta100	-2.6148754705108437	maximum
1164	IFNalpha1 - IFNbeta100	2.3539964072669437	maximum
1165	IFNalpha1 - IFNbeta100	-2.223427680883472	maximum
1166	IFNalpha1 - IFNbeta100	2.0156297039299607	maximum
1167	IFNalpha1 - IFNbeta100	1.720102685317217	maximum
1168	IFNalpha1 - IFNbeta100	-2.375364087954199	maximum
1169	IFNalpha1 - IFNbeta100	-2.673797071443204	maximum
1170	IFNalpha1 - IFNbeta100	2.488340681400532	maximum
1171	IFNalpha1 - IFNbeta100	-1.8606258486935805	maximum
1172	IFNalpha1 - IFNbeta100	-1.6391212234028103	maximum
1173	IFNalpha1 - IFNbeta100	2.188784158098572	maximum
1174	IFNalpha1 - IFNbeta100	-2.0105045409841327	maximum
1175	IFNalpha1 - IFNbeta100	2.4895842294711197	maximum
1176	IFNalpha1 - IFNbeta100	2.351133675382439	maximum
1177	IFNalpha1 - IFNbeta100	2.664307508536731	maximum
1178	IFNalpha1 - IFNbeta100	2.7048947875854252	maximum
1179	IFNalpha1 - IFNbeta100	3.016730335289493	maximum
1180	IFNalpha1 - IFNbeta100	-2.147689309285845	maximum
1181	IFNalpha1 - IFNbeta100	3.0100162310277865	maximum
1182	IFNalpha1 - IFNbeta100	-1.8585299268134832	maximum
1183	IFNalpha1 - IFNbeta100	-2.246475423305837	maximum
1184	IFNalpha1 - IFNbeta100	2.1331463623686737	maximum
1185	IFNalpha1 - IFNbeta100	3.0628723161545257	maximum
1186	IFNalpha1 - IFNbeta100	2.22749469460163	maximum
1187	IFNalpha1 - IFNbeta100	3.3114936461497626	maximum
