Pos	AA
1	Met
2	Pro
3	Leu
4	Arg
5	His
6	Trp
7	Gly
8	Met
9	Ala
10	Arg
11	Gly
12	Ser
13	Lys
14	Pro
15	Val
16	Gly
17	Asp
18	Gly
19	Ala
20	Gln
21	Pro
22	Met
23	Ala
24	Ala
25	Met
26	Gly
27	Gly
28	Leu
29	Lys
30	Val
31	Leu
32	Leu
33	His
34	Trp
35	Ala
36	Gly
37	Pro
38	Gly
39	Gly
40	Gly
41	Glu
42	Pro
43	Trp
44	Val
45	Thr
46	Phe
47	Ser
48	Glu
49	Ser
50	Ser
51	Leu
52	Thr
53	Ala
54	Glu
55	Glu
56	Val
57	Cys
58	Ile
59	His
60	Ile
61	Ala
62	His
63	Lys
64	Val
65	Gly
66	Ile
67	Thr
68	Pro
69	Pro
70	Cys
71	Phe
72	Asn
73	Leu
74	Phe
75	Ala
76	Leu
77	Phe
78	Asp
79	Ala
80	Gln
81	Ala
82	Gln
83	Val
84	Trp
85	Leu
86	Pro
87	Pro
88	Asn
89	His
90	Ile
91	Leu
92	Glu
93	Ile
94	Pro
95	Arg
96	Asp
97	Ala
98	Ser
99	Leu
100	Met
101	Leu
102	Tyr
103	Phe
104	Arg
105	Ile
106	Arg
107	Phe
108	Tyr
109	Phe
110	Arg
111	Asn
112	Trp
113	His
114	Gly
115	Met
116	Asn
117	Pro
118	Arg
119	Glu
120	Pro
121	Ala
122	Val
123	Tyr
124	Arg
125	Cys
126	Gly
127	Pro
128	Pro
129	Gly
130	Thr
131	Glu
132	Ala
133	Ser
134	Ser
135	Asp
136	Gln
137	Thr
138	Ala
139	Gln
140	Gly
141	Met
142	Gln
143	Leu
144	Leu
145	Asp
146	Pro
147	Ala
148	Ser
149	Phe
150	Glu
151	Tyr
152	Leu
153	Phe
154	Glu
155	Gln
156	Gly
157	Lys
158	His
159	Glu
160	Phe
161	Val
162	Asn
163	Asp
164	Val
165	Ala
166	Ser
167	Leu
168	Trp
169	Glu
170	Leu
171	Ser
172	Thr
173	Glu
174	Glu
175	Glu
176	Ile
177	His
178	His
179	Phe
180	Lys
181	Asn
182	Glu
183	Ser
184	Leu
185	Gly
186	Met
187	Ala
188	Phe
189	Leu
190	His
191	Leu
192	Cys
193	His
194	Leu
195	Ala
196	Leu
197	Arg
198	His
199	Gly
200	Ile
201	Pro
202	Leu
203	Glu
204	Glu
205	Val
206	Ala
207	Lys
208	Lys
209	Thr
210	Ser
211	Phe
212	Lys
213	Asp
214	Cys
215	Ile
216	Pro
217	Arg
218	Ser
219	Phe
220	Arg
221	Arg
222	His
223	Ile
224	Arg
225	Gln
226	His
227	Ser
228	Ala
229	Leu
230	Thr
231	Arg
232	Leu
233	Arg
234	Leu
235	Arg
236	Asn
237	Val
238	Phe
239	Arg
240	Arg
241	Phe
242	Leu
243	Arg
244	Asp
245	Phe
246	Gln
247	Pro
248	Gly
249	Arg
250	Leu
251	Ser
252	Gln
253	Gln
254	Met
255	Val
256	Met
257	Val
258	Lys
259	Tyr
260	Leu
261	Ala
262	Thr
263	Leu
264	Glu
265	Arg
266	Leu
267	Ala
268	Pro
269	Arg
270	Phe
271	Gly
272	Thr
273	Glu
274	Arg
275	Val
276	Pro
277	Val
278	Cys
279	His
280	Leu
281	Arg
282	Leu
283	Leu
284	Ala
285	Gln
286	Ala
287	Glu
288	Gly
289	Glu
290	Pro
291	Cys
292	Tyr
293	Ile
294	Arg
295	Asp
296	Ser
297	Gly
298	Val
299	Ala
300	Pro
301	Thr
302	Asp
303	Pro
304	Gly
305	Pro
306	Glu
307	Ser
308	Ala
309	Ala
310	Gly
311	Pro
312	Pro
313	Thr
314	His
315	Glu
316	Val
317	Leu
318	Val
319	Thr
320	Gly
321	Thr
322	Gly
323	Gly
324	Ile
325	Gln
326	Trp
327	Trp
328	Pro
329	Val
330	Glu
331	Glu
332	Glu
333	Val
334	Asn
335	Lys
336	Glu
337	Glu
338	Gly
339	Ser
340	Ser
341	Gly
342	Ser
343	Ser
344	Gly
345	Arg
346	Asn
347	Pro
348	Gln
349	Ala
350	Ser
351	Leu
352	Phe
353	Gly
354	Lys
355	Lys
356	Ala
357	Lys
358	Ala
359	His
360	Lys
361	Ala
362	Val
363	Gly
364	Gln
365	Pro
366	Ala
367	Asp
368	Arg
369	Pro
370	Arg
371	Glu
372	Pro
373	Leu
374	Trp
375	Ala
376	Tyr
377	Phe
378	Cys
379	Asp
380	Phe
381	Arg
382	Asp
383	Ile
384	Thr
385	His
386	Val
387	Val
388	Leu
389	Lys
390	Glu
391	His
392	Cys
393	Val
394	Ser
395	Ile
396	His
397	Arg
398	Gln
399	Asp
400	Asn
401	Lys
402	Cys
403	Leu
404	Glu
405	Leu
406	Ser
407	Leu
408	Pro
409	Ser
410	Arg
411	Ala
412	Ala
413	Ala
414	Leu
415	Ser
416	Phe
417	Val
418	Ser
419	Leu
420	Val
421	Asp
422	Gly
423	Tyr
424	Phe
425	Arg
426	Leu
427	Thr
428	Ala
429	Asp
430	Ser
431	Ser
432	His
433	Tyr
434	Leu
435	Cys
436	His
437	Glu
438	Val
439	Ala
440	Pro
441	Pro
442	Arg
443	Leu
444	Val
445	Met
446	Ser
447	Ile
448	Arg
449	Asp
450	Gly
451	Ile
452	His
453	Gly
454	Pro
455	Leu
456	Leu
457	Glu
458	Pro
459	Phe
460	Val
461	Gln
462	Ala
463	Lys
464	Leu
465	Arg
466	Pro
467	Glu
468	Asp
469	Gly
470	Leu
471	Tyr
472	Leu
473	Ile
474	His
475	Trp
476	Ser
477	Thr
478	Ser
479	His
480	Pro
481	Tyr
482	Arg
483	Leu
484	Ile
485	Leu
486	Thr
487	Val
488	Ala
489	Gln
490	Arg
491	Ser
492	Gln
493	Ala
494	Pro
495	Asp
496	Gly
497	Met
498	Gln
499	Ser
500	Leu
501	Arg
502	Leu
503	Arg
504	Lys
505	Phe
506	Pro
507	Ile
508	Glu
509	Gln
510	Gln
511	Asp
512	Gly
513	Ala
514	Phe
515	Val
516	Leu
517	Glu
518	Gly
519	Trp
520	Gly
521	Arg
522	Ser
523	Phe
524	Pro
525	Ser
526	Val
527	Arg
528	Glu
529	Leu
530	Gly
531	Ala
532	Ala
533	Leu
534	Gln
535	Gly
536	Cys
537	Leu
538	Leu
539	Arg
540	Ala
541	Gly
542	Asp
543	Asp
544	Cys
545	Phe
546	Ser
547	Leu
548	Arg
549	Arg
550	Cys
551	Cys
552	Leu
553	Pro
554	Gln
555	Pro
556	Gly
557	Glu
558	Thr
559	Ser
560	Asn
561	Leu
562	Ile
563	Ile
564	Met
565	Arg
566	Gly
567	Ala
568	Arg
569	Ala
570	Ser
571	Pro
572	Arg
573	Thr
574	Leu
575	Asn
576	Leu
577	Ser
578	Gln
579	Leu
580	Ser
581	Phe
582	His
583	Arg
584	Val
585	Asp
586	Gln
587	Lys
588	Glu
589	Ile
590	Thr
591	Gln
592	Leu
593	Ser
594	His
595	Leu
596	Gly
597	Gln
598	Gly
599	Thr
600	Arg
601	Thr
602	Asn
603	Val
604	Tyr
605	Glu
606	Gly
607	Arg
608	Leu
609	Arg
610	Val
611	Glu
612	Gly
613	Ser
614	Gly
615	Asp
616	Pro
617	Glu
618	Glu
619	Gly
620	Lys
621	Met
622	Asp
623	Asp
624	Glu
625	Asp
626	Pro
627	Leu
628	Val
629	Pro
630	Gly
631	Arg
632	Asp
633	Arg
634	Gly
635	Gln
636	Glu
637	Leu
638	Arg
639	Val
640	Val
641	Leu
642	Lys
643	Val
644	Leu
645	Asp
646	Pro
647	Ser
648	His
649	His
650	Asp
651	Ile
652	Ala
653	Leu
654	Ala
655	Phe
656	Tyr
657	Glu
658	Thr
659	Ala
660	Ser
661	Leu
662	Met
663	Ser
664	Gln
665	Val
666	Ser
667	His
668	Thr
669	His
670	Leu
671	Ala
672	Phe
673	Val
674	His
675	Gly
676	Val
677	Cys
678	Val
679	Arg
680	Gly
681	Pro
682	Glu
683	Asn
684	Ile
685	Met
686	Val
687	Thr
688	Glu
689	Tyr
690	Val
691	Glu
692	His
693	Gly
694	Pro
695	Leu
696	Asp
697	Val
698	Trp
699	Leu
700	Arg
701	Arg
702	Glu
703	Arg
704	Gly
705	His
706	Val
707	Pro
708	Met
709	Ala
710	Trp
711	Lys
712	Met
713	Val
714	Val
715	Ala
716	Gln
717	Gln
718	Leu
719	Ala
720	Ser
721	Ala
722	Leu
723	Ser
724	Tyr
725	Leu
726	Glu
727	Asn
728	Lys
729	Asn
730	Leu
731	Val
732	His
733	Gly
734	Asn
735	Val
736	Cys
737	Gly
738	Arg
739	Asn
740	Ile
741	Leu
742	Leu
743	Ala
744	Arg
745	Leu
746	Gly
747	Leu
748	Ala
749	Glu
750	Gly
751	Thr
752	Ser
753	Pro
754	Phe
755	Ile
756	Lys
757	Leu
758	Ser
759	Asp
760	Pro
761	Gly
762	Val
763	Gly
764	Leu
765	Gly
766	Ala
767	Leu
768	Ser
769	Arg
770	Glu
771	Glu
772	Arg
773	Val
774	Glu
775	Arg
776	Ile
777	Pro
778	Trp
779	Leu
780	Ala
781	Pro
782	Glu
783	Cys
784	Leu
785	Pro
786	Gly
787	Gly
788	Ala
789	Asn
790	Ser
791	Leu
792	Ser
793	Thr
794	Ala
795	Met
796	Asp
797	Lys
798	Trp
799	Gly
800	Phe
801	Gly
802	Ala
803	Thr
804	Leu
805	Leu
806	Glu
807	Ile
808	Cys
809	Phe
810	Asp
811	Gly
812	Glu
813	Ala
814	Pro
815	Leu
816	Gln
817	Ser
818	Arg
819	Ser
820	Pro
821	Ser
822	Glu
823	Lys
824	Glu
825	His
826	Phe
827	Tyr
828	Gln
829	Arg
830	Gln
831	His
832	Arg
833	Leu
834	Pro
835	Glu
836	Pro
837	Ser
838	Cys
839	Pro
840	Gln
841	Leu
842	Ala
843	Thr
844	Leu
845	Thr
846	Ser
847	Gln
848	Cys
849	Leu
850	Thr
851	Tyr
852	Glu
853	Pro
854	Thr
855	Gln
856	Arg
857	Pro
858	Ser
859	Phe
860	Arg
861	Thr
862	Ile
863	Leu
864	Arg
865	Asp
866	Leu
867	Thr
868	Arg
869	Leu
870	Gln
871	Pro
872	His
873	Asn
874	Leu
875	Ala
876	Asp
877	Val
878	Leu
879	Thr
880	Val
881	Asn
882	Pro
883	Asp
884	Ser
885	Pro
886	Ala
887	Ser
888	Asp
889	Pro
890	Thr
891	Val
892	Phe
893	His
894	Lys
895	Arg
896	Tyr
897	Leu
898	Lys
899	Lys
900	Ile
901	Arg
902	Asp
903	Leu
904	Gly
905	Glu
906	Gly
907	His
908	Phe
909	Gly
910	Lys
911	Val
912	Ser
913	Leu
914	Tyr
915	Cys
916	Tyr
917	Asp
918	Pro
919	Thr
920	Asn
921	Asp
922	Gly
923	Thr
924	Gly
925	Glu
926	Met
927	Val
928	Ala
929	Val
930	Lys
931	Ala
932	Leu
933	Lys
934	Ala
935	Asp
936	Cys
937	Gly
938	Pro
939	Gln
940	His
941	Arg
942	Ser
943	Gly
944	Trp
945	Lys
946	Gln
947	Glu
948	Ile
949	Asp
950	Ile
951	Leu
952	Arg
953	Thr
954	Leu
955	Tyr
956	His
957	Glu
958	His
959	Ile
960	Ile
961	Lys
962	Tyr
963	Lys
964	Gly
965	Cys
966	Cys
967	Glu
968	Asp
969	Gln
970	Gly
971	Glu
972	Lys
973	Ser
974	Leu
975	Gln
976	Leu
977	Val
978	Met
979	Glu
980	Tyr
981	Val
982	Pro
983	Leu
984	Gly
985	Ser
986	Leu
987	Arg
988	Asp
989	Tyr
990	Leu
991	Pro
992	Arg
993	His
994	Ser
995	Ile
996	Gly
997	Leu
998	Ala
999	Gln
1000	Leu
1001	Leu
1002	Leu
1003	Phe
1004	Ala
1005	Gln
1006	Gln
1007	Ile
1008	Cys
1009	Glu
1010	Gly
1011	Met
1012	Ala
1013	Tyr
1014	Leu
1015	His
1016	Ala
1017	Gln
1018	His
1019	Tyr
1020	Ile
1021	His
1022	Arg
1023	Asp
1024	Leu
1025	Ala
1026	Ala
1027	Arg
1028	Asn
1029	Val
1030	Leu
1031	Leu
1032	Asp
1033	Asn
1034	Asp
1035	Arg
1036	Leu
1037	Val
1038	Lys
1039	Ile
1040	Gly
1041	Asp
1042	Phe
1043	Gly
1044	Leu
1045	Ala
1046	Lys
1047	Ala
1048	Val
1049	Pro
1050	Glu
1051	Gly
1052	His
1053	Glu
1054	Tyr
1055	Tyr
1056	Arg
1057	Val
1058	Arg
1059	Glu
1060	Asp
1061	Gly
1062	Asp
1063	Ser
1064	Pro
1065	Val
1066	Phe
1067	Trp
1068	Tyr
1069	Ala
1070	Pro
1071	Glu
1072	Cys
1073	Leu
1074	Lys
1075	Glu
1076	Tyr
1077	Lys
1078	Phe
1079	Tyr
1080	Tyr
1081	Ala
1082	Ser
1083	Asp
1084	Val
1085	Trp
1086	Ser
1087	Phe
1088	Gly
1089	Val
1090	Thr
1091	Leu
1092	Tyr
1093	Glu
1094	Leu
1095	Leu
1096	Thr
1097	His
1098	Cys
1099	Asp
1100	Ser
1101	Ser
1102	Gln
1103	Ser
1104	Pro
1105	Pro
1106	Thr
1107	Lys
1108	Phe
1109	Leu
1110	Glu
1111	Leu
1112	Ile
1113	Gly
1114	Ile
1115	Ala
1116	Gln
1117	Gly
1118	Gln
1119	Met
1120	Thr
1121	Val
1122	Leu
1123	Arg
1124	Leu
1125	Thr
1126	Glu
1127	Leu
1128	Leu
1129	Glu
1130	Arg
1131	Gly
1132	Glu
1133	Arg
1134	Leu
1135	Pro
1136	Arg
1137	Pro
1138	Asp
1139	Lys
1140	Cys
1141	Pro
1142	Cys
1143	Glu
1144	Val
1145	Tyr
1146	His
1147	Leu
1148	Met
1149	Lys
1150	Asn
1151	Cys
1152	Trp
1153	Glu
1154	Thr
1155	Glu
1156	Ala
1157	Ser
1158	Phe
1159	Arg
1160	Pro
1161	Thr
1162	Phe
1163	Glu
1164	Asn
1165	Leu
1166	Ile
1167	Pro
1168	Ile
1169	Leu
1170	Lys
1171	Thr
1172	Val
1173	His
1174	Glu
1175	Lys
1176	Tyr
1177	Gln
1178	Gly
1179	Gln
1180	Ala
1181	Pro
1182	Ser
1183	Val
1184	Phe
1185	Ser
1186	Val
1187	Cys
