pos	condition	statistic
1	IFNalpha100_0 - None_0 Aggregated Across Residues	-0.1846714536461729
2	IFNalpha100_0 - None_0 Aggregated Across Residues	0.13055077907222062
3	IFNalpha100_0 - None_0 Aggregated Across Residues	-0.1984743345437883
4	IFNalpha100_0 - None_0 Aggregated Across Residues	-0.0015305810446251391
5	IFNalpha100_0 - None_0 Aggregated Across Residues	0.16607108255177108
6	IFNalpha100_0 - None_0 Aggregated Across Residues	-0.641445568258423
7	IFNalpha100_0 - None_0 Aggregated Across Residues	-0.34074004365712657
8	IFNalpha100_0 - None_0 Aggregated Across Residues	-0.3268944077720447
9	IFNalpha100_0 - None_0 Aggregated Across Residues	-0.11402179514961816
10	IFNalpha100_0 - None_0 Aggregated Across Residues	-0.3217384155355847
11	IFNalpha100_0 - None_0 Aggregated Across Residues	0.11806553726839941
12	IFNalpha100_0 - None_0 Aggregated Across Residues	-0.18502465752828948
13	IFNalpha100_0 - None_0 Aggregated Across Residues	-0.1320612641921336
14	IFNalpha100_0 - None_0 Aggregated Across Residues	0.1387205267521554
15	IFNalpha100_0 - None_0 Aggregated Across Residues	0.1045545164564106
16	IFNalpha100_0 - None_0 Aggregated Across Residues	-0.09712273374441219
17	IFNalpha100_0 - None_0 Aggregated Across Residues	0.28918583805181114
18	IFNalpha100_0 - None_0 Aggregated Across Residues	-0.044241790906837795
19	IFNalpha100_0 - None_0 Aggregated Across Residues	-0.3348006901106398
20	IFNalpha100_0 - None_0 Aggregated Across Residues	-0.39146511554420543
21	IFNalpha100_0 - None_0 Aggregated Across Residues	-0.20383352856749126
22	IFNalpha100_0 - None_0 Aggregated Across Residues	-0.46218485389075264
23	IFNalpha100_0 - None_0 Aggregated Across Residues	0.0012358216826313625
24	IFNalpha100_0 - None_0 Aggregated Across Residues	0.16140927219844878
25	IFNalpha100_0 - None_0 Aggregated Across Residues	0.02391068615598917
26	IFNalpha100_0 - None_0 Aggregated Across Residues	0.43534965587169816
27	IFNalpha100_0 - None_0 Aggregated Across Residues	0.37350728851246723
28	IFNalpha100_0 - None_0 Aggregated Across Residues	0.08679942120661958
29	IFNalpha100_0 - None_0 Aggregated Across Residues	-0.4638520097258411
30	IFNalpha100_0 - None_0 Aggregated Across Residues	-2.6653606716917646
31	IFNalpha100_0 - None_0 Aggregated Across Residues	-0.0021796266366813925
32	IFNalpha100_0 - None_0 Aggregated Across Residues	-0.4417454312272788
33	IFNalpha100_0 - None_0 Aggregated Across Residues	-0.7876083911262375
34	IFNalpha100_0 - None_0 Aggregated Across Residues	-0.09051737038330493
35	IFNalpha100_0 - None_0 Aggregated Across Residues	-0.3427404791488904
36	IFNalpha100_0 - None_0 Aggregated Across Residues	-0.2519279688576908
37	IFNalpha100_0 - None_0 Aggregated Across Residues	-0.26989619548845967
38	IFNalpha100_0 - None_0 Aggregated Across Residues	0.0756084291801292
39	IFNalpha100_0 - None_0 Aggregated Across Residues	-0.30295350569632334
40	IFNalpha100_0 - None_0 Aggregated Across Residues	0.32439932476452693
41	IFNalpha100_0 - None_0 Aggregated Across Residues	-0.012139592437478783
42	IFNalpha100_0 - None_0 Aggregated Across Residues	-0.07353012220412304
43	IFNalpha100_0 - None_0 Aggregated Across Residues	-0.0287754697316316
44	IFNalpha100_0 - None_0 Aggregated Across Residues	0.1902995427911042
45	IFNalpha100_0 - None_0 Aggregated Across Residues	0.09558413988388163
46	IFNalpha100_0 - None_0 Aggregated Across Residues	-0.2273330582853784
47	IFNalpha100_0 - None_0 Aggregated Across Residues	0.11473320213727144
48	IFNalpha100_0 - None_0 Aggregated Across Residues	-0.13753434089484523
49	IFNalpha100_0 - None_0 Aggregated Across Residues	-0.30621619618757606
50	IFNalpha100_0 - None_0 Aggregated Across Residues	-0.017857600244782387
51	IFNalpha100_0 - None_0 Aggregated Across Residues	-0.34106795701002407
52	IFNalpha100_0 - None_0 Aggregated Across Residues	-0.7436097896119063
53	IFNalpha100_0 - None_0 Aggregated Across Residues	-1.307707993186333
54	IFNalpha100_0 - None_0 Aggregated Across Residues	-2.0114398985895487
55	IFNalpha100_0 - None_0 Aggregated Across Residues	-0.3306214557373763
56	IFNalpha100_0 - None_0 Aggregated Across Residues	-0.9901059666965698
57	IFNalpha100_0 - None_0 Aggregated Across Residues	-0.6878662315916967
58	IFNalpha100_0 - None_0 Aggregated Across Residues	0.02921267834402279
59	IFNalpha100_0 - None_0 Aggregated Across Residues	0.1532332677731535
60	IFNalpha100_0 - None_0 Aggregated Across Residues	-1.8959288941763226
61	IFNalpha100_0 - None_0 Aggregated Across Residues	-0.3309399562301879
62	IFNalpha100_0 - None_0 Aggregated Across Residues	-0.24661890859731553
63	IFNalpha100_0 - None_0 Aggregated Across Residues	-0.3821132975220998
64	IFNalpha100_0 - None_0 Aggregated Across Residues	-0.936403182034729
65	IFNalpha100_0 - None_0 Aggregated Across Residues	-0.1597110756672353
66	IFNalpha100_0 - None_0 Aggregated Across Residues	-1.6153407231024255
67	IFNalpha100_0 - None_0 Aggregated Across Residues	-0.18331219061162676
68	IFNalpha100_0 - None_0 Aggregated Across Residues	-0.5613495873428072
69	IFNalpha100_0 - None_0 Aggregated Across Residues	0.014175677641771352
70	IFNalpha100_0 - None_0 Aggregated Across Residues	-0.517983393992538
71	IFNalpha100_0 - None_0 Aggregated Across Residues	-0.24157513493047755
72	IFNalpha100_0 - None_0 Aggregated Across Residues	0.1214854135745466
73	IFNalpha100_0 - None_0 Aggregated Across Residues	-0.6379575862763788
74	IFNalpha100_0 - None_0 Aggregated Across Residues	-0.7813646395141666
75	IFNalpha100_0 - None_0 Aggregated Across Residues	-0.4072235231671856
76	IFNalpha100_0 - None_0 Aggregated Across Residues	-2.0058242464294405
77	IFNalpha100_0 - None_0 Aggregated Across Residues	-0.16503195825240374
78	IFNalpha100_0 - None_0 Aggregated Across Residues	-0.24609256776178803
79	IFNalpha100_0 - None_0 Aggregated Across Residues	-0.28152011506889457
80	IFNalpha100_0 - None_0 Aggregated Across Residues	0.037996366811092516
81	IFNalpha100_0 - None_0 Aggregated Across Residues	-0.2515442264354805
82	IFNalpha100_0 - None_0 Aggregated Across Residues	-0.3217376732908104
83	IFNalpha100_0 - None_0 Aggregated Across Residues	0.07953166365752438
84	IFNalpha100_0 - None_0 Aggregated Across Residues	-1.0319558122294334
85	IFNalpha100_0 - None_0 Aggregated Across Residues	-0.5077480525800031
86	IFNalpha100_0 - None_0 Aggregated Across Residues	-0.6364269706187147
87	IFNalpha100_0 - None_0 Aggregated Across Residues	-0.6827577267653653
88	IFNalpha100_0 - None_0 Aggregated Across Residues	-0.10363425185127798
89	IFNalpha100_0 - None_0 Aggregated Across Residues	-0.2206803012834997
90	IFNalpha100_0 - None_0 Aggregated Across Residues	-0.05764054005321053
91	IFNalpha100_0 - None_0 Aggregated Across Residues	-0.6052815759631238
92	IFNalpha100_0 - None_0 Aggregated Across Residues	-0.20542644599635765
93	IFNalpha100_0 - None_0 Aggregated Across Residues	-0.73435926935622
94	IFNalpha100_0 - None_0 Aggregated Across Residues	0.0037286344942836134
95	IFNalpha100_0 - None_0 Aggregated Across Residues	-0.24551627269142692
96	IFNalpha100_0 - None_0 Aggregated Across Residues	0.06700112107269338
97	IFNalpha100_0 - None_0 Aggregated Across Residues	0.20018978635474743
98	IFNalpha100_0 - None_0 Aggregated Across Residues	-0.03600107769890534
99	IFNalpha100_0 - None_0 Aggregated Across Residues	-0.7208927891446076
100	IFNalpha100_0 - None_0 Aggregated Across Residues	0.016161677311096658
101	IFNalpha100_0 - None_0 Aggregated Across Residues	-0.8790233760692476
102	IFNalpha100_0 - None_0 Aggregated Across Residues	-0.2615167625790867
103	IFNalpha100_0 - None_0 Aggregated Across Residues	-0.8727744792953243
104	IFNalpha100_0 - None_0 Aggregated Across Residues	-0.3180545449460911
105	IFNalpha100_0 - None_0 Aggregated Across Residues	0.18265708794436608
106	IFNalpha100_0 - None_0 Aggregated Across Residues	-1.0492538148432893
107	IFNalpha100_0 - None_0 Aggregated Across Residues	-1.177515254853081
108	IFNalpha100_0 - None_0 Aggregated Across Residues	-0.8777298749038773
109	IFNalpha100_0 - None_0 Aggregated Across Residues	-1.3033218654747891
110	IFNalpha100_0 - None_0 Aggregated Across Residues	-0.043769707112534535
111	IFNalpha100_0 - None_0 Aggregated Across Residues	-0.5713707978361762
112	IFNalpha100_0 - None_0 Aggregated Across Residues	-1.4843713243681897
113	IFNalpha100_0 - None_0 Aggregated Across Residues	-0.4382864650492001
114	IFNalpha100_0 - None_0 Aggregated Across Residues	-0.504480513174419
115	IFNalpha100_0 - None_0 Aggregated Across Residues	-0.2756900658919405
116	IFNalpha100_0 - None_0 Aggregated Across Residues	-0.07057598525413344
117	IFNalpha100_0 - None_0 Aggregated Across Residues	-0.22656869671573054
118	IFNalpha100_0 - None_0 Aggregated Across Residues	-0.35034082425971225
119	IFNalpha100_0 - None_0 Aggregated Across Residues	-0.2372508645532801
120	IFNalpha100_0 - None_0 Aggregated Across Residues	0.2843367021319011
121	IFNalpha100_0 - None_0 Aggregated Across Residues	0.1558985992344091
122	IFNalpha100_0 - None_0 Aggregated Across Residues	-0.043073441904848984
123	IFNalpha100_0 - None_0 Aggregated Across Residues	0.08345776713988509
124	IFNalpha100_0 - None_0 Aggregated Across Residues	-0.1717129825648515
125	IFNalpha100_0 - None_0 Aggregated Across Residues	-0.19351040457474047
126	IFNalpha100_0 - None_0 Aggregated Across Residues	-0.032968124350096564
127	IFNalpha100_0 - None_0 Aggregated Across Residues	-0.42117593798282793
128	IFNalpha100_0 - None_0 Aggregated Across Residues	-0.4531596388433875
129	IFNalpha100_0 - None_0 Aggregated Across Residues	-0.308391268776877
130	IFNalpha100_0 - None_0 Aggregated Across Residues	-0.08396669069250735
131	IFNalpha100_0 - None_0 Aggregated Across Residues	-0.5167429870724927
132	IFNalpha100_0 - None_0 Aggregated Across Residues	0.21673117224143953
133	IFNalpha100_0 - None_0 Aggregated Across Residues	-0.12093143003691793
134	IFNalpha100_0 - None_0 Aggregated Across Residues	-0.08648332644092172
135	IFNalpha100_0 - None_0 Aggregated Across Residues	0.26893304015299985
136	IFNalpha100_0 - None_0 Aggregated Across Residues	-0.0066898242468488274
137	IFNalpha100_0 - None_0 Aggregated Across Residues	0.1700713305288615
138	IFNalpha100_0 - None_0 Aggregated Across Residues	-0.19323403577469825
139	IFNalpha100_0 - None_0 Aggregated Across Residues	-0.2470174611080225
140	IFNalpha100_0 - None_0 Aggregated Across Residues	-0.326852008824724
141	IFNalpha100_0 - None_0 Aggregated Across Residues	0.005871341819935383
142	IFNalpha100_0 - None_0 Aggregated Across Residues	-0.034998767357506205
143	IFNalpha100_0 - None_0 Aggregated Across Residues	-0.8251958217962272
144	IFNalpha100_0 - None_0 Aggregated Across Residues	-0.994790964317971
145	IFNalpha100_0 - None_0 Aggregated Across Residues	-2.8644297869049757
146	IFNalpha100_0 - None_0 Aggregated Across Residues	-0.6588372435725184
147	IFNalpha100_0 - None_0 Aggregated Across Residues	-0.2791699169746081
148	IFNalpha100_0 - None_0 Aggregated Across Residues	-2.206972750225889
149	IFNalpha100_0 - None_0 Aggregated Across Residues	-1.1672191741204772
150	IFNalpha100_0 - None_0 Aggregated Across Residues	-0.004922438476887292
151	IFNalpha100_0 - None_0 Aggregated Across Residues	-1.2894726406627417
152	IFNalpha100_0 - None_0 Aggregated Across Residues	-0.24134013291266246
153	IFNalpha100_0 - None_0 Aggregated Across Residues	-0.9399268525701195
154	IFNalpha100_0 - None_0 Aggregated Across Residues	-0.4980310281508984
155	IFNalpha100_0 - None_0 Aggregated Across Residues	-1.3879077336168133
156	IFNalpha100_0 - None_0 Aggregated Across Residues	-1.6835933730157777
157	IFNalpha100_0 - None_0 Aggregated Across Residues	-0.7368859320047008
158	IFNalpha100_0 - None_0 Aggregated Across Residues	0.0028428757855953803
159	IFNalpha100_0 - None_0 Aggregated Across Residues	-0.5465150462250334
160	IFNalpha100_0 - None_0 Aggregated Across Residues	-1.9075867318496496
161	IFNalpha100_0 - None_0 Aggregated Across Residues	-0.2508688941970077
162	IFNalpha100_0 - None_0 Aggregated Across Residues	-0.45756809759222505
163	IFNalpha100_0 - None_0 Aggregated Across Residues	-1.4050190717954179
164	IFNalpha100_0 - None_0 Aggregated Across Residues	-0.2935341498867484
165	IFNalpha100_0 - None_0 Aggregated Across Residues	-0.6229394118875969
166	IFNalpha100_0 - None_0 Aggregated Across Residues	0.18794146517860327
167	IFNalpha100_0 - None_0 Aggregated Across Residues	-0.2773735681933546
168	IFNalpha100_0 - None_0 Aggregated Across Residues	0.024621530243691733
169	IFNalpha100_0 - None_0 Aggregated Across Residues	-0.31073888315766884
170	IFNalpha100_0 - None_0 Aggregated Across Residues	0.28555362353006664
171	IFNalpha100_0 - None_0 Aggregated Across Residues	0.13008069066994246
172	IFNalpha100_0 - None_0 Aggregated Across Residues	-0.28312783997056423
173	IFNalpha100_0 - None_0 Aggregated Across Residues	-0.26587156514235333
174	IFNalpha100_0 - None_0 Aggregated Across Residues	-0.35906373325047014
175	IFNalpha100_0 - None_0 Aggregated Across Residues	-0.3832261774310632
176	IFNalpha100_0 - None_0 Aggregated Across Residues	-0.18276825732380445
177	IFNalpha100_0 - None_0 Aggregated Across Residues	0.18941891333332572
178	IFNalpha100_0 - None_0 Aggregated Across Residues	-0.2929225104147599
179	IFNalpha100_0 - None_0 Aggregated Across Residues	-0.3998286409347237
180	IFNalpha100_0 - None_0 Aggregated Across Residues	-0.11010414491303715
181	IFNalpha100_0 - None_0 Aggregated Across Residues	-0.34800133590419857
182	IFNalpha100_0 - None_0 Aggregated Across Residues	-0.28551481660852757
183	IFNalpha100_0 - None_0 Aggregated Across Residues	-0.5293050397552402
184	IFNalpha100_0 - None_0 Aggregated Across Residues	-1.090676538726323
185	IFNalpha100_0 - None_0 Aggregated Across Residues	0.08875551398683992
186	IFNalpha100_0 - None_0 Aggregated Across Residues	-1.157444708281987
187	IFNalpha100_0 - None_0 Aggregated Across Residues	-1.318075395978221
188	IFNalpha100_0 - None_0 Aggregated Across Residues	-0.07162591150656025
189	IFNalpha100_0 - None_0 Aggregated Across Residues	-0.4223546343875923
190	IFNalpha100_0 - None_0 Aggregated Across Residues	-0.033734382790474936
191	IFNalpha100_0 - None_0 Aggregated Across Residues	0.0169796660058007
192	IFNalpha100_0 - None_0 Aggregated Across Residues	-0.14057637567362716
193	IFNalpha100_0 - None_0 Aggregated Across Residues	-0.3576108561907255
194	IFNalpha100_0 - None_0 Aggregated Across Residues	-0.24026609556907713
195	IFNalpha100_0 - None_0 Aggregated Across Residues	-0.4350634911036951
196	IFNalpha100_0 - None_0 Aggregated Across Residues	0.4262521463202242
197	IFNalpha100_0 - None_0 Aggregated Across Residues	-0.08749820418811788
198	IFNalpha100_0 - None_0 Aggregated Across Residues	-0.49507057936156956
199	IFNalpha100_0 - None_0 Aggregated Across Residues	-0.576540166085704
200	IFNalpha100_0 - None_0 Aggregated Across Residues	-0.1260832931625424
201	IFNalpha100_0 - None_0 Aggregated Across Residues	-0.6166396524590692
202	IFNalpha100_0 - None_0 Aggregated Across Residues	-0.06711399541329369
203	IFNalpha100_0 - None_0 Aggregated Across Residues	0.12948412931786848
204	IFNalpha100_0 - None_0 Aggregated Across Residues	-0.41546142607416914
205	IFNalpha100_0 - None_0 Aggregated Across Residues	0.025637423599610697
206	IFNalpha100_0 - None_0 Aggregated Across Residues	-0.3777534889401966
207	IFNalpha100_0 - None_0 Aggregated Across Residues	-0.14850903123414083
208	IFNalpha100_0 - None_0 Aggregated Across Residues	0.15009113027775076
209	IFNalpha100_0 - None_0 Aggregated Across Residues	-0.43079803766384284
210	IFNalpha100_0 - None_0 Aggregated Across Residues	0.12023793493497446
211	IFNalpha100_0 - None_0 Aggregated Across Residues	-0.5423174784413979
212	IFNalpha100_0 - None_0 Aggregated Across Residues	0.04006789824265647
213	IFNalpha100_0 - None_0 Aggregated Across Residues	-0.2649985251185002
214	IFNalpha100_0 - None_0 Aggregated Across Residues	-0.5452160941893412
215	IFNalpha100_0 - None_0 Aggregated Across Residues	-1.2393931705400356
216	IFNalpha100_0 - None_0 Aggregated Across Residues	-2.7855356032270944
217	IFNalpha100_0 - None_0 Aggregated Across Residues	-0.25312185718372576
218	IFNalpha100_0 - None_0 Aggregated Across Residues	-0.34847962145646977
219	IFNalpha100_0 - None_0 Aggregated Across Residues	-0.5091432503222134
220	IFNalpha100_0 - None_0 Aggregated Across Residues	-0.42180150612917555
221	IFNalpha100_0 - None_0 Aggregated Across Residues	-0.1828845759765927
222	IFNalpha100_0 - None_0 Aggregated Across Residues	-0.42310869883589697
223	IFNalpha100_0 - None_0 Aggregated Across Residues	-0.5168104423773323
224	IFNalpha100_0 - None_0 Aggregated Across Residues	-0.4754644060289162
225	IFNalpha100_0 - None_0 Aggregated Across Residues	-0.7135332517127188
226	IFNalpha100_0 - None_0 Aggregated Across Residues	-0.17711357389681842
227	IFNalpha100_0 - None_0 Aggregated Across Residues	-0.44561302804786485
228	IFNalpha100_0 - None_0 Aggregated Across Residues	-0.520601336669329
229	IFNalpha100_0 - None_0 Aggregated Across Residues	-0.23693389040546908
230	IFNalpha100_0 - None_0 Aggregated Across Residues	-0.36721616960357945
231	IFNalpha100_0 - None_0 Aggregated Across Residues	-0.41472772431122795
232	IFNalpha100_0 - None_0 Aggregated Across Residues	-1.0910225190761516
233	IFNalpha100_0 - None_0 Aggregated Across Residues	-0.8249709264692177
234	IFNalpha100_0 - None_0 Aggregated Across Residues	-0.07715814906890452
235	IFNalpha100_0 - None_0 Aggregated Across Residues	-0.2505655075396455
236	IFNalpha100_0 - None_0 Aggregated Across Residues	-0.8156680426108138
237	IFNalpha100_0 - None_0 Aggregated Across Residues	-0.4178938818437441
238	IFNalpha100_0 - None_0 Aggregated Across Residues	-0.7048324653701217
239	IFNalpha100_0 - None_0 Aggregated Across Residues	-0.4160494997646685
240	IFNalpha100_0 - None_0 Aggregated Across Residues	-0.0748409021834399
241	IFNalpha100_0 - None_0 Aggregated Across Residues	-0.4670400679019848
242	IFNalpha100_0 - None_0 Aggregated Across Residues	-0.15116651314078208
243	IFNalpha100_0 - None_0 Aggregated Across Residues	-0.33046863073934635
244	IFNalpha100_0 - None_0 Aggregated Across Residues	-0.13508191587325097
245	IFNalpha100_0 - None_0 Aggregated Across Residues	-0.20270230114596136
246	IFNalpha100_0 - None_0 Aggregated Across Residues	-0.631723694572375
247	IFNalpha100_0 - None_0 Aggregated Across Residues	-0.4521620261143276
248	IFNalpha100_0 - None_0 Aggregated Across Residues	-0.4613584453531905
249	IFNalpha100_0 - None_0 Aggregated Across Residues	0.07726330502648669
250	IFNalpha100_0 - None_0 Aggregated Across Residues	-0.2503317560592961
251	IFNalpha100_0 - None_0 Aggregated Across Residues	-0.03702298147159549
252	IFNalpha100_0 - None_0 Aggregated Across Residues	-0.19988094809953558
253	IFNalpha100_0 - None_0 Aggregated Across Residues	0.1360542618244653
254	IFNalpha100_0 - None_0 Aggregated Across Residues	0.18558311453529644
255	IFNalpha100_0 - None_0 Aggregated Across Residues	-0.2641519140530543
256	IFNalpha100_0 - None_0 Aggregated Across Residues	-0.7095580268400774
257	IFNalpha100_0 - None_0 Aggregated Across Residues	-0.5880082010632353
258	IFNalpha100_0 - None_0 Aggregated Across Residues	-0.09646408199990784
259	IFNalpha100_0 - None_0 Aggregated Across Residues	-2.4591952291290586
260	IFNalpha100_0 - None_0 Aggregated Across Residues	-2.121157369404906
261	IFNalpha100_0 - None_0 Aggregated Across Residues	-0.21073017468164507
262	IFNalpha100_0 - None_0 Aggregated Across Residues	-0.30521747142977623
263	IFNalpha100_0 - None_0 Aggregated Across Residues	-2.5238075613939905
264	IFNalpha100_0 - None_0 Aggregated Across Residues	-3.479672664201492
265	IFNalpha100_0 - None_0 Aggregated Across Residues	-0.363493771932306
266	IFNalpha100_0 - None_0 Aggregated Across Residues	-0.36771008407194744
267	IFNalpha100_0 - None_0 Aggregated Across Residues	-0.8878820615886189
268	IFNalpha100_0 - None_0 Aggregated Across Residues	0.024072847995740287
269	IFNalpha100_0 - None_0 Aggregated Across Residues	0.2768111915981196
270	IFNalpha100_0 - None_0 Aggregated Across Residues	-2.0742380188257457
271	IFNalpha100_0 - None_0 Aggregated Across Residues	-0.45357611401726
272	IFNalpha100_0 - None_0 Aggregated Across Residues	-0.5838605105144561
273	IFNalpha100_0 - None_0 Aggregated Across Residues	-0.8007402521057627
274	IFNalpha100_0 - None_0 Aggregated Across Residues	-0.3702404884596803
275	IFNalpha100_0 - None_0 Aggregated Across Residues	-0.06239135850617155
276	IFNalpha100_0 - None_0 Aggregated Across Residues	-0.06187976765060712
277	IFNalpha100_0 - None_0 Aggregated Across Residues	-0.05680239349406597
278	IFNalpha100_0 - None_0 Aggregated Across Residues	-0.355962485526069
279	IFNalpha100_0 - None_0 Aggregated Across Residues	0.1159021713705795
280	IFNalpha100_0 - None_0 Aggregated Across Residues	-0.1669143708336285
281	IFNalpha100_0 - None_0 Aggregated Across Residues	-0.3748028934419678
282	IFNalpha100_0 - None_0 Aggregated Across Residues	0.061907860829095836
283	IFNalpha100_0 - None_0 Aggregated Across Residues	-0.324511644954686
284	IFNalpha100_0 - None_0 Aggregated Across Residues	-0.14851149070035574
285	IFNalpha100_0 - None_0 Aggregated Across Residues	-0.02871622887430113
286	IFNalpha100_0 - None_0 Aggregated Across Residues	0.05161877439127155
287	IFNalpha100_0 - None_0 Aggregated Across Residues	0.1318920443683936
288	IFNalpha100_0 - None_0 Aggregated Across Residues	-0.13003713432105915
289	IFNalpha100_0 - None_0 Aggregated Across Residues	-0.5307009099605986
290	IFNalpha100_0 - None_0 Aggregated Across Residues	-0.1586909576335899
291	IFNalpha100_0 - None_0 Aggregated Across Residues	-0.40948026632917023
292	IFNalpha100_0 - None_0 Aggregated Across Residues	-0.36132633343901177
293	IFNalpha100_0 - None_0 Aggregated Across Residues	0.17254309131420958
294	IFNalpha100_0 - None_0 Aggregated Across Residues	-0.7336758611153819
295	IFNalpha100_0 - None_0 Aggregated Across Residues	-0.09937132318948373
296	IFNalpha100_0 - None_0 Aggregated Across Residues	-0.3886587800206008
297	IFNalpha100_0 - None_0 Aggregated Across Residues	-0.4456192703367953
298	IFNalpha100_0 - None_0 Aggregated Across Residues	-0.04064469910668742
299	IFNalpha100_0 - None_0 Aggregated Across Residues	0.02791612178698731
300	IFNalpha100_0 - None_0 Aggregated Across Residues	-0.10474793934226452
301	IFNalpha100_0 - None_0 Aggregated Across Residues	0.05368972302879782
302	IFNalpha100_0 - None_0 Aggregated Across Residues	-0.4002196814468145
303	IFNalpha100_0 - None_0 Aggregated Across Residues	-0.06627890240553629
304	IFNalpha100_0 - None_0 Aggregated Across Residues	-0.43839220390376427
305	IFNalpha100_0 - None_0 Aggregated Across Residues	-0.284756517071489
306	IFNalpha100_0 - None_0 Aggregated Across Residues	0.10321804867844189
307	IFNalpha100_0 - None_0 Aggregated Across Residues	-0.1086308440147329
308	IFNalpha100_0 - None_0 Aggregated Across Residues	-0.3745089329375923
309	IFNalpha100_0 - None_0 Aggregated Across Residues	0.13481882288475547
310	IFNalpha100_0 - None_0 Aggregated Across Residues	0.04349621261928215
311	IFNalpha100_0 - None_0 Aggregated Across Residues	-0.10153421453711163
312	IFNalpha100_0 - None_0 Aggregated Across Residues	-0.21441797447193975
313	IFNalpha100_0 - None_0 Aggregated Across Residues	0.04057486334430841
314	IFNalpha100_0 - None_0 Aggregated Across Residues	-0.1953386598144643
315	IFNalpha100_0 - None_0 Aggregated Across Residues	0.10124870922895035
316	IFNalpha100_0 - None_0 Aggregated Across Residues	-1.8406857426590306
317	IFNalpha100_0 - None_0 Aggregated Across Residues	-0.27134978664845644
318	IFNalpha100_0 - None_0 Aggregated Across Residues	-2.530810528467509
319	IFNalpha100_0 - None_0 Aggregated Across Residues	-0.6754398138776074
320	IFNalpha100_0 - None_0 Aggregated Across Residues	-1.397086278172056
321	IFNalpha100_0 - None_0 Aggregated Across Residues	-0.35500948557285533
322	IFNalpha100_0 - None_0 Aggregated Across Residues	-0.1530440589875395
323	IFNalpha100_0 - None_0 Aggregated Across Residues	-1.3361253517209981
324	IFNalpha100_0 - None_0 Aggregated Across Residues	-2.3419340791104237
325	IFNalpha100_0 - None_0 Aggregated Across Residues	-0.4549809942769917
326	IFNalpha100_0 - None_0 Aggregated Across Residues	-0.32771209478674823
327	IFNalpha100_0 - None_0 Aggregated Across Residues	-0.3236413110489582
328	IFNalpha100_0 - None_0 Aggregated Across Residues	-0.32113435148022207
329	IFNalpha100_0 - None_0 Aggregated Across Residues	-0.030737802805992195
330	IFNalpha100_0 - None_0 Aggregated Across Residues	-0.06545687932526582
331	IFNalpha100_0 - None_0 Aggregated Across Residues	-0.2540970628933975
332	IFNalpha100_0 - None_0 Aggregated Across Residues	0.17144095021996025
333	IFNalpha100_0 - None_0 Aggregated Across Residues	-0.32284833103812194
334	IFNalpha100_0 - None_0 Aggregated Across Residues	-0.018459597470930147
335	IFNalpha100_0 - None_0 Aggregated Across Residues	0.10834560037680598
336	IFNalpha100_0 - None_0 Aggregated Across Residues	-0.45690315822365674
337	IFNalpha100_0 - None_0 Aggregated Across Residues	0.008367818064696303
338	IFNalpha100_0 - None_0 Aggregated Across Residues	-0.28949815809956
339	IFNalpha100_0 - None_0 Aggregated Across Residues	-0.5861980795173254
340	IFNalpha100_0 - None_0 Aggregated Across Residues	-0.07033205181196732
341	IFNalpha100_0 - None_0 Aggregated Across Residues	-0.4287246554635847
342	IFNalpha100_0 - None_0 Aggregated Across Residues	0.05983448087059195
343	IFNalpha100_0 - None_0 Aggregated Across Residues	-0.03437943994444645
344	IFNalpha100_0 - None_0 Aggregated Across Residues	-0.34287108440814146
345	IFNalpha100_0 - None_0 Aggregated Across Residues	-0.1260859188808981
346	IFNalpha100_0 - None_0 Aggregated Across Residues	-0.16551012890697417
347	IFNalpha100_0 - None_0 Aggregated Across Residues	-0.3142227369297246
348	IFNalpha100_0 - None_0 Aggregated Across Residues	-0.29808378029237975
349	IFNalpha100_0 - None_0 Aggregated Across Residues	-0.1286248498697729
350	IFNalpha100_0 - None_0 Aggregated Across Residues	0.07989832595375489
351	IFNalpha100_0 - None_0 Aggregated Across Residues	0.12376601870627865
352	IFNalpha100_0 - None_0 Aggregated Across Residues	-0.1274948325061203
353	IFNalpha100_0 - None_0 Aggregated Across Residues	-0.33705847861846616
354	IFNalpha100_0 - None_0 Aggregated Across Residues	0.10334838920881846
355	IFNalpha100_0 - None_0 Aggregated Across Residues	0.25374936904501233
356	IFNalpha100_0 - None_0 Aggregated Across Residues	0.0942078282171097
357	IFNalpha100_0 - None_0 Aggregated Across Residues	-0.1788879006602801
358	IFNalpha100_0 - None_0 Aggregated Across Residues	-0.08128866977651335
359	IFNalpha100_0 - None_0 Aggregated Across Residues	0.1932213674712915
360	IFNalpha100_0 - None_0 Aggregated Across Residues	-0.21038544577350804
361	IFNalpha100_0 - None_0 Aggregated Across Residues	-0.13000653479230187
362	IFNalpha100_0 - None_0 Aggregated Across Residues	0.24160150174910552
363	IFNalpha100_0 - None_0 Aggregated Across Residues	-0.24107701668854825
364	IFNalpha100_0 - None_0 Aggregated Across Residues	-0.11381423680984264
365	IFNalpha100_0 - None_0 Aggregated Across Residues	-0.04155526422183861
366	IFNalpha100_0 - None_0 Aggregated Across Residues	-0.12324814064156227
367	IFNalpha100_0 - None_0 Aggregated Across Residues	-0.0585969107277968
368	IFNalpha100_0 - None_0 Aggregated Across Residues	0.26901626944228213
369	IFNalpha100_0 - None_0 Aggregated Across Residues	-0.061224040704409594
370	IFNalpha100_0 - None_0 Aggregated Across Residues	-0.02327540935358432
371	IFNalpha100_0 - None_0 Aggregated Across Residues	-0.04952460176749205
372	IFNalpha100_0 - None_0 Aggregated Across Residues	-0.1901160086557397
373	IFNalpha100_0 - None_0 Aggregated Across Residues	-0.13597476999683666
374	IFNalpha100_0 - None_0 Aggregated Across Residues	0.1569135936983207
375	IFNalpha100_0 - None_0 Aggregated Across Residues	0.23539317132392845
376	IFNalpha100_0 - None_0 Aggregated Across Residues	0.4937012471385888
377	IFNalpha100_0 - None_0 Aggregated Across Residues	0.11640328754167242
378	IFNalpha100_0 - None_0 Aggregated Across Residues	0.21025348395580218
379	IFNalpha100_0 - None_0 Aggregated Across Residues	-0.15438956056554037
380	IFNalpha100_0 - None_0 Aggregated Across Residues	-1.356411379103041
381	IFNalpha100_0 - None_0 Aggregated Across Residues	0.013257676852856027
382	IFNalpha100_0 - None_0 Aggregated Across Residues	-0.785314403657628
383	IFNalpha100_0 - None_0 Aggregated Across Residues	-1.6034946112425097
384	IFNalpha100_0 - None_0 Aggregated Across Residues	-2.7113689278607027
385	IFNalpha100_0 - None_0 Aggregated Across Residues	-1.7326545691545916
386	IFNalpha100_0 - None_0 Aggregated Across Residues	-0.6824872096521093
387	IFNalpha100_0 - None_0 Aggregated Across Residues	-0.2412715445530686
388	IFNalpha100_0 - None_0 Aggregated Across Residues	0.20528000868861196
389	IFNalpha100_0 - None_0 Aggregated Across Residues	0.3206528140765327
390	IFNalpha100_0 - None_0 Aggregated Across Residues	0.04997880801396948
391	IFNalpha100_0 - None_0 Aggregated Across Residues	0.4890130153831718
392	IFNalpha100_0 - None_0 Aggregated Across Residues	0.05186609221031739
393	IFNalpha100_0 - None_0 Aggregated Across Residues	-1.2315607314680348
394	IFNalpha100_0 - None_0 Aggregated Across Residues	-0.27166312167804235
395	IFNalpha100_0 - None_0 Aggregated Across Residues	-1.3859607024563456
396	IFNalpha100_0 - None_0 Aggregated Across Residues	-0.7400206911327224
397	IFNalpha100_0 - None_0 Aggregated Across Residues	-0.06659582104993148
398	IFNalpha100_0 - None_0 Aggregated Across Residues	-0.5123005935110474
399	IFNalpha100_0 - None_0 Aggregated Across Residues	-2.147569373540806
400	IFNalpha100_0 - None_0 Aggregated Across Residues	-0.5052975177231153
401	IFNalpha100_0 - None_0 Aggregated Across Residues	-0.1705312562571861
402	IFNalpha100_0 - None_0 Aggregated Across Residues	-0.10150889414355384
403	IFNalpha100_0 - None_0 Aggregated Across Residues	-0.4338137077621629
404	IFNalpha100_0 - None_0 Aggregated Across Residues	0.1577486252436683
405	IFNalpha100_0 - None_0 Aggregated Across Residues	-0.37354452350698564
406	IFNalpha100_0 - None_0 Aggregated Across Residues	0.15423228490701205
407	IFNalpha100_0 - None_0 Aggregated Across Residues	0.22672573532831297
408	IFNalpha100_0 - None_0 Aggregated Across Residues	0.20629604348443345
409	IFNalpha100_0 - None_0 Aggregated Across Residues	-0.11715239848903652
410	IFNalpha100_0 - None_0 Aggregated Across Residues	0.00914441211496511
411	IFNalpha100_0 - None_0 Aggregated Across Residues	-0.06092918607193106
412	IFNalpha100_0 - None_0 Aggregated Across Residues	0.10050702476130856
413	IFNalpha100_0 - None_0 Aggregated Across Residues	-0.32369513468303146
414	IFNalpha100_0 - None_0 Aggregated Across Residues	-0.48746078167989926
415	IFNalpha100_0 - None_0 Aggregated Across Residues	-0.5777707647001235
416	IFNalpha100_0 - None_0 Aggregated Across Residues	-0.7365551695988662
417	IFNalpha100_0 - None_0 Aggregated Across Residues	-0.861377183458492
418	IFNalpha100_0 - None_0 Aggregated Across Residues	-0.8162614928548391
419	IFNalpha100_0 - None_0 Aggregated Across Residues	-0.44217156990236733
420	IFNalpha100_0 - None_0 Aggregated Across Residues	-2.2916442813967164
421	IFNalpha100_0 - None_0 Aggregated Across Residues	-4.106611133197302
422	IFNalpha100_0 - None_0 Aggregated Across Residues	-2.1394396362781714
423	IFNalpha100_0 - None_0 Aggregated Across Residues	-1.9031134365576456
424	IFNalpha100_0 - None_0 Aggregated Across Residues	-0.9585924201491293
425	IFNalpha100_0 - None_0 Aggregated Across Residues	-0.776081260952095
426	IFNalpha100_0 - None_0 Aggregated Across Residues	-1.12010276157342
427	IFNalpha100_0 - None_0 Aggregated Across Residues	-0.5738932100266321
428	IFNalpha100_0 - None_0 Aggregated Across Residues	-0.7042121507635685
429	IFNalpha100_0 - None_0 Aggregated Across Residues	-3.0784648208778256
430	IFNalpha100_0 - None_0 Aggregated Across Residues	-0.7440286448069431
431	IFNalpha100_0 - None_0 Aggregated Across Residues	-0.5538772829241373
432	IFNalpha100_0 - None_0 Aggregated Across Residues	-1.7165101522620643
433	IFNalpha100_0 - None_0 Aggregated Across Residues	-2.9363069581644465
434	IFNalpha100_0 - None_0 Aggregated Across Residues	-1.2971097270653884
435	IFNalpha100_0 - None_0 Aggregated Across Residues	0.09514563744343743
436	IFNalpha100_0 - None_0 Aggregated Across Residues	0.0090543344143586
437	IFNalpha100_0 - None_0 Aggregated Across Residues	-0.4444658270776649
438	IFNalpha100_0 - None_0 Aggregated Across Residues	-1.3942975144084466
439	IFNalpha100_0 - None_0 Aggregated Across Residues	-0.25761695324100853
440	IFNalpha100_0 - None_0 Aggregated Across Residues	-0.8739245955126324
441	IFNalpha100_0 - None_0 Aggregated Across Residues	-0.20341802945007847
442	IFNalpha100_0 - None_0 Aggregated Across Residues	-0.7459971327786683
443	IFNalpha100_0 - None_0 Aggregated Across Residues	-0.04498403935451114
444	IFNalpha100_0 - None_0 Aggregated Across Residues	-0.05995010293678029
445	IFNalpha100_0 - None_0 Aggregated Across Residues	0.12107134923988933
446	IFNalpha100_0 - None_0 Aggregated Across Residues	-0.6737653644162924
447	IFNalpha100_0 - None_0 Aggregated Across Residues	-0.23405027020898
448	IFNalpha100_0 - None_0 Aggregated Across Residues	-0.009267443444342448
449	IFNalpha100_0 - None_0 Aggregated Across Residues	0.12452970500102911
450	IFNalpha100_0 - None_0 Aggregated Across Residues	0.11561967798886277
451	IFNalpha100_0 - None_0 Aggregated Across Residues	-1.1101053092240305
452	IFNalpha100_0 - None_0 Aggregated Across Residues	-0.5145801733846127
453	IFNalpha100_0 - None_0 Aggregated Across Residues	-0.2555806341448906
454	IFNalpha100_0 - None_0 Aggregated Across Residues	-0.8640107627469442
455	IFNalpha100_0 - None_0 Aggregated Across Residues	-0.098455245046057
456	IFNalpha100_0 - None_0 Aggregated Across Residues	0.10974494830075211
457	IFNalpha100_0 - None_0 Aggregated Across Residues	-0.15581450227456956
458	IFNalpha100_0 - None_0 Aggregated Across Residues	-0.14803448223429203
459	IFNalpha100_0 - None_0 Aggregated Across Residues	0.23845839242277636
460	IFNalpha100_0 - None_0 Aggregated Across Residues	-0.33349033131270994
461	IFNalpha100_0 - None_0 Aggregated Across Residues	0.10910963770512946
462	IFNalpha100_0 - None_0 Aggregated Across Residues	-0.0226749430977553
463	IFNalpha100_0 - None_0 Aggregated Across Residues	-0.12170210823002263
464	IFNalpha100_0 - None_0 Aggregated Across Residues	-1.1620993860105204
465	IFNalpha100_0 - None_0 Aggregated Across Residues	0.02697397205349339
466	IFNalpha100_0 - None_0 Aggregated Across Residues	0.15347552752407886
467	IFNalpha100_0 - None_0 Aggregated Across Residues	-0.11792368328951594
468	IFNalpha100_0 - None_0 Aggregated Across Residues	-0.24080725142957068
469	IFNalpha100_0 - None_0 Aggregated Across Residues	-0.3904487587050097
470	IFNalpha100_0 - None_0 Aggregated Across Residues	-0.16458289794918646
471	IFNalpha100_0 - None_0 Aggregated Across Residues	-1.8624343372252798
472	IFNalpha100_0 - None_0 Aggregated Across Residues	-1.3506231584202233
473	IFNalpha100_0 - None_0 Aggregated Across Residues	-0.8064734563027509
474	IFNalpha100_0 - None_0 Aggregated Across Residues	-0.18523782986143622
475	IFNalpha100_0 - None_0 Aggregated Across Residues	-0.29664712449288405
476	IFNalpha100_0 - None_0 Aggregated Across Residues	-2.084301615450756
477	IFNalpha100_0 - None_0 Aggregated Across Residues	-0.39351878622733116
478	IFNalpha100_0 - None_0 Aggregated Across Residues	0.27211903517141744
479	IFNalpha100_0 - None_0 Aggregated Across Residues	-0.34541584952637483
480	IFNalpha100_0 - None_0 Aggregated Across Residues	0.06212900618133897
481	IFNalpha100_0 - None_0 Aggregated Across Residues	-0.2224391184425377
482	IFNalpha100_0 - None_0 Aggregated Across Residues	-0.297268790018288
483	IFNalpha100_0 - None_0 Aggregated Across Residues	-0.25816712510805834
484	IFNalpha100_0 - None_0 Aggregated Across Residues	-0.2928560970593769
485	IFNalpha100_0 - None_0 Aggregated Across Residues	-1.5796137045411036
486	IFNalpha100_0 - None_0 Aggregated Across Residues	-0.7875306098711747
487	IFNalpha100_0 - None_0 Aggregated Across Residues	-0.3371898242137558
488	IFNalpha100_0 - None_0 Aggregated Across Residues	-0.1165482731833917
489	IFNalpha100_0 - None_0 Aggregated Across Residues	0.016907626148489195
490	IFNalpha100_0 - None_0 Aggregated Across Residues	-0.011202294353739366
491	IFNalpha100_0 - None_0 Aggregated Across Residues	0.17840113566483465
492	IFNalpha100_0 - None_0 Aggregated Across Residues	-0.39886739063013654
493	IFNalpha100_0 - None_0 Aggregated Across Residues	-0.2594971041485332
494	IFNalpha100_0 - None_0 Aggregated Across Residues	-0.010444963198058474
495	IFNalpha100_0 - None_0 Aggregated Across Residues	-0.5231535355170278
496	IFNalpha100_0 - None_0 Aggregated Across Residues	0.25362230870681657
497	IFNalpha100_0 - None_0 Aggregated Across Residues	0.3008990901766392
498	IFNalpha100_0 - None_0 Aggregated Across Residues	0.14160666060274396
499	IFNalpha100_0 - None_0 Aggregated Across Residues	-0.05102784735716777
500	IFNalpha100_0 - None_0 Aggregated Across Residues	-0.021398888754122526
501	IFNalpha100_0 - None_0 Aggregated Across Residues	-0.26968878703556187
502	IFNalpha100_0 - None_0 Aggregated Across Residues	-0.8324195333675192
503	IFNalpha100_0 - None_0 Aggregated Across Residues	-0.7416228884109932
504	IFNalpha100_0 - None_0 Aggregated Across Residues	-0.5359301563837353
505	IFNalpha100_0 - None_0 Aggregated Across Residues	-1.649800235667012
506	IFNalpha100_0 - None_0 Aggregated Across Residues	-0.23997592614043112
507	IFNalpha100_0 - None_0 Aggregated Across Residues	-3.5290486818562283
508	IFNalpha100_0 - None_0 Aggregated Across Residues	-0.2880961857527271
509	IFNalpha100_0 - None_0 Aggregated Across Residues	-0.2032694216553914
510	IFNalpha100_0 - None_0 Aggregated Across Residues	-0.27840784034972615
511	IFNalpha100_0 - None_0 Aggregated Across Residues	0.45679952180900557
512	IFNalpha100_0 - None_0 Aggregated Across Residues	-0.2802665259950245
513	IFNalpha100_0 - None_0 Aggregated Across Residues	0.036716301326808136
514	IFNalpha100_0 - None_0 Aggregated Across Residues	0.5971946929613677
515	IFNalpha100_0 - None_0 Aggregated Across Residues	0.11370701649817193
516	IFNalpha100_0 - None_0 Aggregated Across Residues	-0.3289388670906611
517	IFNalpha100_0 - None_0 Aggregated Across Residues	0.34809045724972615
518	IFNalpha100_0 - None_0 Aggregated Across Residues	-0.44478404305941677
519	IFNalpha100_0 - None_0 Aggregated Across Residues	-0.6279804982630626
520	IFNalpha100_0 - None_0 Aggregated Across Residues	-0.1687634349484801
521	IFNalpha100_0 - None_0 Aggregated Across Residues	-0.5080578678625602
522	IFNalpha100_0 - None_0 Aggregated Across Residues	0.39145890865572486
523	IFNalpha100_0 - None_0 Aggregated Across Residues	-0.36494104425797025
524	IFNalpha100_0 - None_0 Aggregated Across Residues	-0.2839355419615319
525	IFNalpha100_0 - None_0 Aggregated Across Residues	-0.060846401613453546
526	IFNalpha100_0 - None_0 Aggregated Across Residues	0.018026643300841392
527	IFNalpha100_0 - None_0 Aggregated Across Residues	-0.08598170029831484
528	IFNalpha100_0 - None_0 Aggregated Across Residues	-0.3010088261239588
529	IFNalpha100_0 - None_0 Aggregated Across Residues	-0.6594931112669631
530	IFNalpha100_0 - None_0 Aggregated Across Residues	-0.17203842075590556
531	IFNalpha100_0 - None_0 Aggregated Across Residues	0.09390850691631396
532	IFNalpha100_0 - None_0 Aggregated Across Residues	-0.11874580283210914
533	IFNalpha100_0 - None_0 Aggregated Across Residues	-1.4246941533303041
534	IFNalpha100_0 - None_0 Aggregated Across Residues	-0.2247942169799774
535	IFNalpha100_0 - None_0 Aggregated Across Residues	0.15879625393832802
536	IFNalpha100_0 - None_0 Aggregated Across Residues	-0.1476385894987453
537	IFNalpha100_0 - None_0 Aggregated Across Residues	-0.3804030033507929
538	IFNalpha100_0 - None_0 Aggregated Across Residues	-1.905769157091293
539	IFNalpha100_0 - None_0 Aggregated Across Residues	-0.37699461715560134
540	IFNalpha100_0 - None_0 Aggregated Across Residues	-0.3949214417140585
541	IFNalpha100_0 - None_0 Aggregated Across Residues	-0.4929512605095651
542	IFNalpha100_0 - None_0 Aggregated Across Residues	-0.18561837829307695
543	IFNalpha100_0 - None_0 Aggregated Across Residues	-0.11583725232625493
544	IFNalpha100_0 - None_0 Aggregated Across Residues	0.17167601168370983
545	IFNalpha100_0 - None_0 Aggregated Across Residues	0.001056670597910266
546	IFNalpha100_0 - None_0 Aggregated Across Residues	-0.01433255543750793
547	IFNalpha100_0 - None_0 Aggregated Across Residues	-1.3124957062172355
548	IFNalpha100_0 - None_0 Aggregated Across Residues	-0.46421750734190065
549	IFNalpha100_0 - None_0 Aggregated Across Residues	0.100542784790383
550	IFNalpha100_0 - None_0 Aggregated Across Residues	0.49400415696221106
551	IFNalpha100_0 - None_0 Aggregated Across Residues	0.14277329562990504
552	IFNalpha100_0 - None_0 Aggregated Across Residues	-0.11948587928638175
553	IFNalpha100_0 - None_0 Aggregated Across Residues	-1.1416708554586004
554	IFNalpha100_0 - None_0 Aggregated Across Residues	0.13247006900361422
555	IFNalpha100_0 - None_0 Aggregated Across Residues	-0.9284422723809841
556	IFNalpha100_0 - None_0 Aggregated Across Residues	-0.884271508175114
557	IFNalpha100_0 - None_0 Aggregated Across Residues	-0.7620144067877134
558	IFNalpha100_0 - None_0 Aggregated Across Residues	-0.1275855082926152
559	IFNalpha100_0 - None_0 Aggregated Across Residues	-0.5823385235446862
560	IFNalpha100_0 - None_0 Aggregated Across Residues	-1.0256651350592256
561	IFNalpha100_0 - None_0 Aggregated Across Residues	-0.1136650757038861
562	IFNalpha100_0 - None_0 Aggregated Across Residues	-0.5615785121599774
563	IFNalpha100_0 - None_0 Aggregated Across Residues	-0.5600513675258624
564	IFNalpha100_0 - None_0 Aggregated Across Residues	-0.012761635809573745
565	IFNalpha100_0 - None_0 Aggregated Across Residues	0.15693186048829577
566	IFNalpha100_0 - None_0 Aggregated Across Residues	-0.4715167785574105
567	IFNalpha100_0 - None_0 Aggregated Across Residues	0.1059101420008551
568	IFNalpha100_0 - None_0 Aggregated Across Residues	-0.06945363590407407
569	IFNalpha100_0 - None_0 Aggregated Across Residues	-0.5460619387033727
570	IFNalpha100_0 - None_0 Aggregated Across Residues	-0.25337714919105303
571	IFNalpha100_0 - None_0 Aggregated Across Residues	0.20789175577373692
572	IFNalpha100_0 - None_0 Aggregated Across Residues	-0.2922829189416779
573	IFNalpha100_0 - None_0 Aggregated Across Residues	-0.31187576186794885
574	IFNalpha100_0 - None_0 Aggregated Across Residues	0.2709668583980523
575	IFNalpha100_0 - None_0 Aggregated Across Residues	-0.55841203661398775
576	IFNalpha100_0 - None_0 Aggregated Across Residues	-0.2589495126069149
577	IFNalpha100_0 - None_0 Aggregated Across Residues	-0.536421906808426
578	IFNalpha100_0 - None_0 Aggregated Across Residues	-0.6058732104932376
579	IFNalpha100_0 - None_0 Aggregated Across Residues	-3.997050885773907
580	IFNalpha100_0 - None_0 Aggregated Across Residues	-1.2564784194994365
581	IFNalpha100_0 - None_0 Aggregated Across Residues	-3.95171936413062
582	IFNalpha100_0 - None_0 Aggregated Across Residues	-0.4021015989204926
583	IFNalpha100_0 - None_0 Aggregated Across Residues	-0.7350362189373809
584	IFNalpha100_0 - None_0 Aggregated Across Residues	-0.9772770561207006
585	IFNalpha100_0 - None_0 Aggregated Across Residues	-0.18788288035305187
586	IFNalpha100_0 - None_0 Aggregated Across Residues	-0.12701599712404432
587	IFNalpha100_0 - None_0 Aggregated Across Residues	0.07209078866846876
588	IFNalpha100_0 - None_0 Aggregated Across Residues	-0.5529080332032045
589	IFNalpha100_0 - None_0 Aggregated Across Residues	-2.693926364627134
590	IFNalpha100_0 - None_0 Aggregated Across Residues	-0.4412198876199764
591	IFNalpha100_0 - None_0 Aggregated Across Residues	-0.21011609487291164
592	IFNalpha100_0 - None_0 Aggregated Across Residues	0.1584952787973126
593	IFNalpha100_0 - None_0 Aggregated Across Residues	0.04900203356395721
594	IFNalpha100_0 - None_0 Aggregated Across Residues	-2.157304176530533
595	IFNalpha100_0 - None_0 Aggregated Across Residues	-0.5397631025363661
596	IFNalpha100_0 - None_0 Aggregated Across Residues	-4.518283198529621
597	IFNalpha100_0 - None_0 Aggregated Across Residues	-0.4735034812648039
598	IFNalpha100_0 - None_0 Aggregated Across Residues	-3.8683510270822294
599	IFNalpha100_0 - None_0 Aggregated Across Residues	0.011699532656004007
600	IFNalpha100_0 - None_0 Aggregated Across Residues	-0.1672082402291617
601	IFNalpha100_0 - None_0 Aggregated Across Residues	-0.1768225123024063
602	IFNalpha100_0 - None_0 Aggregated Across Residues	-0.6632813688684079
603	IFNalpha100_0 - None_0 Aggregated Across Residues	-1.886687381840782
604	IFNalpha100_0 - None_0 Aggregated Across Residues	-1.384733056068047
605	IFNalpha100_0 - None_0 Aggregated Across Residues	-0.5098800390043882
606	IFNalpha100_0 - None_0 Aggregated Across Residues	-5.057121543995069
607	IFNalpha100_0 - None_0 Aggregated Across Residues	-0.2974412017304057
608	IFNalpha100_0 - None_0 Aggregated Across Residues	-1.4266803123422729
609	IFNalpha100_0 - None_0 Aggregated Across Residues	-0.5803721171011634
610	IFNalpha100_0 - None_0 Aggregated Across Residues	-0.09610190700216754
611	IFNalpha100_0 - None_0 Aggregated Across Residues	-0.1649266160602002
612	IFNalpha100_0 - None_0 Aggregated Across Residues	-0.09932179784318709
613	IFNalpha100_0 - None_0 Aggregated Across Residues	0.043102205151877605
614	IFNalpha100_0 - None_0 Aggregated Across Residues	-0.2072617107949838
615	IFNalpha100_0 - None_0 Aggregated Across Residues	-0.16540177656121477
616	IFNalpha100_0 - None_0 Aggregated Across Residues	-0.265603236561842
617	IFNalpha100_0 - None_0 Aggregated Across Residues	-0.02529633901506609
618	IFNalpha100_0 - None_0 Aggregated Across Residues	-0.33164056299040257
619	IFNalpha100_0 - None_0 Aggregated Across Residues	-0.12253254425904302
620	IFNalpha100_0 - None_0 Aggregated Across Residues	0.06573849291005762
621	IFNalpha100_0 - None_0 Aggregated Across Residues	-0.22914668855482118
622	IFNalpha100_0 - None_0 Aggregated Across Residues	-0.17085986647673812
623	IFNalpha100_0 - None_0 Aggregated Across Residues	-0.056854715210956266
624	IFNalpha100_0 - None_0 Aggregated Across Residues	-0.2186488122262876
625	IFNalpha100_0 - None_0 Aggregated Across Residues	-0.31846931096429715
626	IFNalpha100_0 - None_0 Aggregated Across Residues	-0.04952574945612315
627	IFNalpha100_0 - None_0 Aggregated Across Residues	0.00514888108050703
628	IFNalpha100_0 - None_0 Aggregated Across Residues	0.034537292506774425
629	IFNalpha100_0 - None_0 Aggregated Across Residues	-0.06706016333594493
630	IFNalpha100_0 - None_0 Aggregated Across Residues	-0.08406724020865815
631	IFNalpha100_0 - None_0 Aggregated Across Residues	0.10610193636970572
632	IFNalpha100_0 - None_0 Aggregated Across Residues	-0.3258574225142462
633	IFNalpha100_0 - None_0 Aggregated Across Residues	-0.2298641043866093
634	IFNalpha100_0 - None_0 Aggregated Across Residues	0.17281357614973253
635	IFNalpha100_0 - None_0 Aggregated Across Residues	0.09085894290765986
636	IFNalpha100_0 - None_0 Aggregated Across Residues	-0.3218456553002668
637	IFNalpha100_0 - None_0 Aggregated Across Residues	-0.02427973073028459
638	IFNalpha100_0 - None_0 Aggregated Across Residues	-0.17099129065301696
639	IFNalpha100_0 - None_0 Aggregated Across Residues	-3.450185833060987
640	IFNalpha100_0 - None_0 Aggregated Across Residues	-1.8142683668002666
641	IFNalpha100_0 - None_0 Aggregated Across Residues	-2.6288652219847712
642	IFNalpha100_0 - None_0 Aggregated Across Residues	-2.808145936852247
643	IFNalpha100_0 - None_0 Aggregated Across Residues	-0.9190642928084888
644	IFNalpha100_0 - None_0 Aggregated Across Residues	-0.2516314531809598
645	IFNalpha100_0 - None_0 Aggregated Across Residues	-0.6401333692288956
646	IFNalpha100_0 - None_0 Aggregated Across Residues	-0.14948740463317078
647	IFNalpha100_0 - None_0 Aggregated Across Residues	-0.061864456073306484
648	IFNalpha100_0 - None_0 Aggregated Across Residues	-0.31025347267623415
649	IFNalpha100_0 - None_0 Aggregated Across Residues	-0.12526007768364555
650	IFNalpha100_0 - None_0 Aggregated Across Residues	-0.43725066083203035
651	IFNalpha100_0 - None_0 Aggregated Across Residues	0.22832420404083664
652	IFNalpha100_0 - None_0 Aggregated Across Residues	0.10024760985150973
653	IFNalpha100_0 - None_0 Aggregated Across Residues	-1.5832202868365972
654	IFNalpha100_0 - None_0 Aggregated Across Residues	0.19833715905708932
655	IFNalpha100_0 - None_0 Aggregated Across Residues	-1.089460551108945
656	IFNalpha100_0 - None_0 Aggregated Across Residues	-3.5124236333360472
657	IFNalpha100_0 - None_0 Aggregated Across Residues	-1.649695542798284
658	IFNalpha100_0 - None_0 Aggregated Across Residues	-0.48660092520029524
659	IFNalpha100_0 - None_0 Aggregated Across Residues	-1.651384083173189
660	IFNalpha100_0 - None_0 Aggregated Across Residues	-3.825081852216078
661	IFNalpha100_0 - None_0 Aggregated Across Residues	-0.2650570518381525
662	IFNalpha100_0 - None_0 Aggregated Across Residues	-1.050653219289523
663	IFNalpha100_0 - None_0 Aggregated Across Residues	-0.6986886802402968
664	IFNalpha100_0 - None_0 Aggregated Across Residues	-0.2619693442507351
665	IFNalpha100_0 - None_0 Aggregated Across Residues	-0.5416346080701405
666	IFNalpha100_0 - None_0 Aggregated Across Residues	-0.36928389252284327
667	IFNalpha100_0 - None_0 Aggregated Across Residues	-2.308877820686324
668	IFNalpha100_0 - None_0 Aggregated Across Residues	-0.4839631240845903
669	IFNalpha100_0 - None_0 Aggregated Across Residues	-0.8432403745351122
670	IFNalpha100_0 - None_0 Aggregated Across Residues	-1.7813289477411263
671	IFNalpha100_0 - None_0 Aggregated Across Residues	-0.2803648911735396
672	IFNalpha100_0 - None_0 Aggregated Across Residues	-0.6483476893037244
673	IFNalpha100_0 - None_0 Aggregated Across Residues	-0.6196494785889364
674	IFNalpha100_0 - None_0 Aggregated Across Residues	-0.2429710750280195
675	IFNalpha100_0 - None_0 Aggregated Across Residues	-4.8297063575372645
676	IFNalpha100_0 - None_0 Aggregated Across Residues	-2.5980768372057153
677	IFNalpha100_0 - None_0 Aggregated Across Residues	-1.217241941429289
678	IFNalpha100_0 - None_0 Aggregated Across Residues	-0.8629631528149558
679	IFNalpha100_0 - None_0 Aggregated Across Residues	-0.3079202896364187
680	IFNalpha100_0 - None_0 Aggregated Across Residues	-0.7083270890038321
681	IFNalpha100_0 - None_0 Aggregated Across Residues	-0.29126908720148703
682	IFNalpha100_0 - None_0 Aggregated Across Residues	-0.6622692457923662
683	IFNalpha100_0 - None_0 Aggregated Across Residues	-0.08140671743868938
684	IFNalpha100_0 - None_0 Aggregated Across Residues	-0.9991171158327232
685	IFNalpha100_0 - None_0 Aggregated Across Residues	-1.0122785057616153
686	IFNalpha100_0 - None_0 Aggregated Across Residues	-3.2239131652482067
687	IFNalpha100_0 - None_0 Aggregated Across Residues	-0.5290076564345697
688	IFNalpha100_0 - None_0 Aggregated Across Residues	-0.9047512961282825
689	IFNalpha100_0 - None_0 Aggregated Across Residues	-0.753955197856893
690	IFNalpha100_0 - None_0 Aggregated Across Residues	-0.21079435961384038
691	IFNalpha100_0 - None_0 Aggregated Across Residues	-0.31631862858518534
692	IFNalpha100_0 - None_0 Aggregated Across Residues	0.13311522330317693
693	IFNalpha100_0 - None_0 Aggregated Across Residues	-2.318247998169622
694	IFNalpha100_0 - None_0 Aggregated Across Residues	-2.0854837911606516
695	IFNalpha100_0 - None_0 Aggregated Across Residues	-1.867919351791035
696	IFNalpha100_0 - None_0 Aggregated Across Residues	-3.964064888068635
697	IFNalpha100_0 - None_0 Aggregated Across Residues	-1.0228679376457142
698	IFNalpha100_0 - None_0 Aggregated Across Residues	-0.31638400808454425
699	IFNalpha100_0 - None_0 Aggregated Across Residues	-1.1614115595530408
700	IFNalpha100_0 - None_0 Aggregated Across Residues	-0.216298747389163
701	IFNalpha100_0 - None_0 Aggregated Across Residues	-0.4152979799180275
702	IFNalpha100_0 - None_0 Aggregated Across Residues	0.007503777576219254
703	IFNalpha100_0 - None_0 Aggregated Across Residues	0.06227584295834714
704	IFNalpha100_0 - None_0 Aggregated Across Residues	-0.38766606235921497
705	IFNalpha100_0 - None_0 Aggregated Across Residues	-0.14407195500363315
706	IFNalpha100_0 - None_0 Aggregated Across Residues	-0.3867254510599209
707	IFNalpha100_0 - None_0 Aggregated Across Residues	-0.22220575410507434
708	IFNalpha100_0 - None_0 Aggregated Across Residues	-0.02471988775454409
709	IFNalpha100_0 - None_0 Aggregated Across Residues	-0.22723443658881362
710	IFNalpha100_0 - None_0 Aggregated Across Residues	-0.34355421573687706
711	IFNalpha100_0 - None_0 Aggregated Across Residues	-0.5432674946010906
712	IFNalpha100_0 - None_0 Aggregated Across Residues	-0.07257223589226229
713	IFNalpha100_0 - None_0 Aggregated Across Residues	0.0966221603329635
714	IFNalpha100_0 - None_0 Aggregated Across Residues	-1.2605566824038796
715	IFNalpha100_0 - None_0 Aggregated Across Residues	-0.19105530994427178
716	IFNalpha100_0 - None_0 Aggregated Across Residues	0.08283214705383993
717	IFNalpha100_0 - None_0 Aggregated Across Residues	-1.3087337921892976
718	IFNalpha100_0 - None_0 Aggregated Across Residues	-0.9743194704088682
719	IFNalpha100_0 - None_0 Aggregated Across Residues	-2.3396302582880266
720	IFNalpha100_0 - None_0 Aggregated Across Residues	-0.6389621047409454
721	IFNalpha100_0 - None_0 Aggregated Across Residues	-2.124564611831972
722	IFNalpha100_0 - None_0 Aggregated Across Residues	-0.925325838043045
723	IFNalpha100_0 - None_0 Aggregated Across Residues	-1.003759675356773
724	IFNalpha100_0 - None_0 Aggregated Across Residues	-0.7836431790701452
725	IFNalpha100_0 - None_0 Aggregated Across Residues	-0.9187141727677832
726	IFNalpha100_0 - None_0 Aggregated Across Residues	-0.7899027505089097
727	IFNalpha100_0 - None_0 Aggregated Across Residues	-0.3727757245475063
728	IFNalpha100_0 - None_0 Aggregated Across Residues	-0.26600098854001053
729	IFNalpha100_0 - None_0 Aggregated Across Residues	0.08798272578506366
730	IFNalpha100_0 - None_0 Aggregated Across Residues	-0.6486924949095307
731	IFNalpha100_0 - None_0 Aggregated Across Residues	-0.3701914199167272
732	IFNalpha100_0 - None_0 Aggregated Across Residues	-0.6128756432672687
733	IFNalpha100_0 - None_0 Aggregated Across Residues	-0.3934650522263995
734	IFNalpha100_0 - None_0 Aggregated Across Residues	-0.48557732248033114
735	IFNalpha100_0 - None_0 Aggregated Across Residues	-1.6558072365324292
736	IFNalpha100_0 - None_0 Aggregated Across Residues	-0.8816334698963224
737	IFNalpha100_0 - None_0 Aggregated Across Residues	-2.0589999747390912
738	IFNalpha100_0 - None_0 Aggregated Across Residues	-0.7464398965410426
739	IFNalpha100_0 - None_0 Aggregated Across Residues	-1.2292454091113594
740	IFNalpha100_0 - None_0 Aggregated Across Residues	-2.5356882864120793
741	IFNalpha100_0 - None_0 Aggregated Across Residues	-0.505299265346889
742	IFNalpha100_0 - None_0 Aggregated Across Residues	-1.2106574512744832
743	IFNalpha100_0 - None_0 Aggregated Across Residues	-0.5871116513365632
744	IFNalpha100_0 - None_0 Aggregated Across Residues	-0.41001260409342144
745	IFNalpha100_0 - None_0 Aggregated Across Residues	-0.12935236742917874
746	IFNalpha100_0 - None_0 Aggregated Across Residues	-0.6618819700868915
747	IFNalpha100_0 - None_0 Aggregated Across Residues	0.1911261966308906
748	IFNalpha100_0 - None_0 Aggregated Across Residues	-0.30680124705215095
749	IFNalpha100_0 - None_0 Aggregated Across Residues	-0.39576787326958335
750	IFNalpha100_0 - None_0 Aggregated Across Residues	-0.10066176790930097
751	IFNalpha100_0 - None_0 Aggregated Across Residues	-0.392572919053466
752	IFNalpha100_0 - None_0 Aggregated Across Residues	-0.18362484083096736
753	IFNalpha100_0 - None_0 Aggregated Across Residues	-0.849470321951731
754	IFNalpha100_0 - None_0 Aggregated Across Residues	-0.43916132562004256
755	IFNalpha100_0 - None_0 Aggregated Across Residues	-1.6713407627759769
756	IFNalpha100_0 - None_0 Aggregated Across Residues	-1.3765229935544518
757	IFNalpha100_0 - None_0 Aggregated Across Residues	-2.2853577107053464
758	IFNalpha100_0 - None_0 Aggregated Across Residues	-1.095012385118581
759	IFNalpha100_0 - None_0 Aggregated Across Residues	-1.0600262083387348
760	IFNalpha100_0 - None_0 Aggregated Across Residues	-0.4368082217822902
761	IFNalpha100_0 - None_0 Aggregated Across Residues	-0.6748678261174341
762	IFNalpha100_0 - None_0 Aggregated Across Residues	-0.6307179445854639
763	IFNalpha100_0 - None_0 Aggregated Across Residues	-0.48733892529365574
764	IFNalpha100_0 - None_0 Aggregated Across Residues	-0.06837281049676232
765	IFNalpha100_0 - None_0 Aggregated Across Residues	-0.3672748870873028
766	IFNalpha100_0 - None_0 Aggregated Across Residues	0.09680644719573837
767	IFNalpha100_0 - None_0 Aggregated Across Residues	-0.6407562703651023
768	IFNalpha100_0 - None_0 Aggregated Across Residues	0.20580769594493514
769	IFNalpha100_0 - None_0 Aggregated Across Residues	0.25844762523316867
770	IFNalpha100_0 - None_0 Aggregated Across Residues	0.14927472839863007
771	IFNalpha100_0 - None_0 Aggregated Across Residues	-0.0679002269891234
772	IFNalpha100_0 - None_0 Aggregated Across Residues	0.19392208660139534
773	IFNalpha100_0 - None_0 Aggregated Across Residues	0.008151201095619304
774	IFNalpha100_0 - None_0 Aggregated Across Residues	-0.30838654857845643
775	IFNalpha100_0 - None_0 Aggregated Across Residues	0.08156916294801297
776	IFNalpha100_0 - None_0 Aggregated Across Residues	-1.7643275763845643
777	IFNalpha100_0 - None_0 Aggregated Across Residues	-1.6867051383100178
778	IFNalpha100_0 - None_0 Aggregated Across Residues	-0.7569327853023412
779	IFNalpha100_0 - None_0 Aggregated Across Residues	-0.303649273939829
780	IFNalpha100_0 - None_0 Aggregated Across Residues	-3.250275832645213
781	IFNalpha100_0 - None_0 Aggregated Across Residues	-2.482543668870272
782	IFNalpha100_0 - None_0 Aggregated Across Residues	-3.217289986148278
783	IFNalpha100_0 - None_0 Aggregated Across Residues	-0.05036308502458098
784	IFNalpha100_0 - None_0 Aggregated Across Residues	-0.41039424064901286
785	IFNalpha100_0 - None_0 Aggregated Across Residues	0.031522499292682325
786	IFNalpha100_0 - None_0 Aggregated Across Residues	-0.13646541305582988
787	IFNalpha100_0 - None_0 Aggregated Across Residues	0.23741866056796646
788	IFNalpha100_0 - None_0 Aggregated Across Residues	-0.01555740718454884
789	IFNalpha100_0 - None_0 Aggregated Across Residues	0.30902774464097427
790	IFNalpha100_0 - None_0 Aggregated Across Residues	-0.014947665053838868
791	IFNalpha100_0 - None_0 Aggregated Across Residues	0.049064240551850234
792	IFNalpha100_0 - None_0 Aggregated Across Residues	-0.37840033868040995
793	IFNalpha100_0 - None_0 Aggregated Across Residues	-0.11411140200401604
794	IFNalpha100_0 - None_0 Aggregated Across Residues	0.0683603853158272
795	IFNalpha100_0 - None_0 Aggregated Across Residues	0.13549079775387468
796	IFNalpha100_0 - None_0 Aggregated Across Residues	-1.1413008997244563
797	IFNalpha100_0 - None_0 Aggregated Across Residues	-0.40693841514268314
798	IFNalpha100_0 - None_0 Aggregated Across Residues	-3.507783339564534
799	IFNalpha100_0 - None_0 Aggregated Across Residues	-1.2047412632823937
800	IFNalpha100_0 - None_0 Aggregated Across Residues	-1.8894321178010882
801	IFNalpha100_0 - None_0 Aggregated Across Residues	-3.62193504484334
802	IFNalpha100_0 - None_0 Aggregated Across Residues	-1.207355080939957
803	IFNalpha100_0 - None_0 Aggregated Across Residues	-1.4193946545637741
804	IFNalpha100_0 - None_0 Aggregated Across Residues	-0.25553247707874394
805	IFNalpha100_0 - None_0 Aggregated Across Residues	-0.544501613514246
806	IFNalpha100_0 - None_0 Aggregated Across Residues	-1.3607308768736959
807	IFNalpha100_0 - None_0 Aggregated Across Residues	-1.1715973116108118
808	IFNalpha100_0 - None_0 Aggregated Across Residues	-0.6298815102381741
809	IFNalpha100_0 - None_0 Aggregated Across Residues	0.05651924549797982
810	IFNalpha100_0 - None_0 Aggregated Across Residues	-0.032705708642740916
811	IFNalpha100_0 - None_0 Aggregated Across Residues	0.28752830383395056
812	IFNalpha100_0 - None_0 Aggregated Across Residues	0.12901059972365683
813	IFNalpha100_0 - None_0 Aggregated Across Residues	0.2759145390924324
814	IFNalpha100_0 - None_0 Aggregated Across Residues	0.0016933715134552021
815	IFNalpha100_0 - None_0 Aggregated Across Residues	-0.018838928243568462
816	IFNalpha100_0 - None_0 Aggregated Across Residues	-0.00513826789489763
817	IFNalpha100_0 - None_0 Aggregated Across Residues	-0.3839518736032794
818	IFNalpha100_0 - None_0 Aggregated Across Residues	-0.04141302260545879
819	IFNalpha100_0 - None_0 Aggregated Across Residues	0.08973483418899786
820	IFNalpha100_0 - None_0 Aggregated Across Residues	-0.007902624703203635
821	IFNalpha100_0 - None_0 Aggregated Across Residues	0.28548421530749013
822	IFNalpha100_0 - None_0 Aggregated Across Residues	-0.6554500891640049
823	IFNalpha100_0 - None_0 Aggregated Across Residues	0.08570689637139253
824	IFNalpha100_0 - None_0 Aggregated Across Residues	-0.06959261082738859
825	IFNalpha100_0 - None_0 Aggregated Across Residues	-0.1638520653696985
826	IFNalpha100_0 - None_0 Aggregated Across Residues	-0.01783652069382976
827	IFNalpha100_0 - None_0 Aggregated Across Residues	-1.2300695313314343
828	IFNalpha100_0 - None_0 Aggregated Across Residues	0.5924506898369754
829	IFNalpha100_0 - None_0 Aggregated Across Residues	0.29315861377329255
830	IFNalpha100_0 - None_0 Aggregated Across Residues	0.2349708970032576
831	IFNalpha100_0 - None_0 Aggregated Across Residues	-0.5212276496671404
832	IFNalpha100_0 - None_0 Aggregated Across Residues	-0.4734779788943235
833	IFNalpha100_0 - None_0 Aggregated Across Residues	-0.7816729994936935
834	IFNalpha100_0 - None_0 Aggregated Across Residues	0.010967337703043332
835	IFNalpha100_0 - None_0 Aggregated Across Residues	-0.12754987336721696
836	IFNalpha100_0 - None_0 Aggregated Across Residues	-0.5129851378585422
837	IFNalpha100_0 - None_0 Aggregated Across Residues	0.188773993714851
838	IFNalpha100_0 - None_0 Aggregated Across Residues	-0.19468938523737744
839	IFNalpha100_0 - None_0 Aggregated Across Residues	-0.050845127086606635
840	IFNalpha100_0 - None_0 Aggregated Across Residues	-0.041555665569267146
841	IFNalpha100_0 - None_0 Aggregated Across Residues	-0.31388541853507834
842	IFNalpha100_0 - None_0 Aggregated Across Residues	-0.0033468869307093753
843	IFNalpha100_0 - None_0 Aggregated Across Residues	0.4912547046242339
844	IFNalpha100_0 - None_0 Aggregated Across Residues	-0.2280907171935899
845	IFNalpha100_0 - None_0 Aggregated Across Residues	-0.07297527141100173
846	IFNalpha100_0 - None_0 Aggregated Across Residues	-0.11512864157030417
847	IFNalpha100_0 - None_0 Aggregated Across Residues	-0.16407712463095264
848	IFNalpha100_0 - None_0 Aggregated Across Residues	-0.83900153958585
849	IFNalpha100_0 - None_0 Aggregated Across Residues	-1.577078810826764
850	IFNalpha100_0 - None_0 Aggregated Across Residues	-0.43170951178566014
851	IFNalpha100_0 - None_0 Aggregated Across Residues	-0.40975081586577006
852	IFNalpha100_0 - None_0 Aggregated Across Residues	-0.4756122032376415
853	IFNalpha100_0 - None_0 Aggregated Across Residues	0.023227995900220864
854	IFNalpha100_0 - None_0 Aggregated Across Residues	-0.02701647639522291
855	IFNalpha100_0 - None_0 Aggregated Across Residues	-0.36747559296699134
856	IFNalpha100_0 - None_0 Aggregated Across Residues	-7.750867144804994
857	IFNalpha100_0 - None_0 Aggregated Across Residues	-0.2464560814817047
858	IFNalpha100_0 - None_0 Aggregated Across Residues	-1.3449980774272887
859	IFNalpha100_0 - None_0 Aggregated Across Residues	-0.6076475704199711
860	IFNalpha100_0 - None_0 Aggregated Across Residues	-5.13959216595583
861	IFNalpha100_0 - None_0 Aggregated Across Residues	-0.6419382803130743
862	IFNalpha100_0 - None_0 Aggregated Across Residues	-1.4030968433878124
863	IFNalpha100_0 - None_0 Aggregated Across Residues	-3.3616152372162973
864	IFNalpha100_0 - None_0 Aggregated Across Residues	-6.204522597829344
865	IFNalpha100_0 - None_0 Aggregated Across Residues	-3.279440360145989
866	IFNalpha100_0 - None_0 Aggregated Across Residues	-1.5964990329648203
867	IFNalpha100_0 - None_0 Aggregated Across Residues	-0.5694894007552767
868	IFNalpha100_0 - None_0 Aggregated Across Residues	-0.12703122430297434
869	IFNalpha100_0 - None_0 Aggregated Across Residues	-0.15767068002264029
870	IFNalpha100_0 - None_0 Aggregated Across Residues	0.0034043285665564934
871	IFNalpha100_0 - None_0 Aggregated Across Residues	-0.13897953331469903
872	IFNalpha100_0 - None_0 Aggregated Across Residues	-0.2164300003070387
873	IFNalpha100_0 - None_0 Aggregated Across Residues	0.01927541457616322
874	IFNalpha100_0 - None_0 Aggregated Across Residues	0.15869688389466918
875	IFNalpha100_0 - None_0 Aggregated Across Residues	0.04116872392444849
876	IFNalpha100_0 - None_0 Aggregated Across Residues	-0.20949152348607517
877	IFNalpha100_0 - None_0 Aggregated Across Residues	-0.2361004870006018
878	IFNalpha100_0 - None_0 Aggregated Across Residues	0.19627176749539402
879	IFNalpha100_0 - None_0 Aggregated Across Residues	-0.08074628573450551
880	IFNalpha100_0 - None_0 Aggregated Across Residues	0.21440409988214754
881	IFNalpha100_0 - None_0 Aggregated Across Residues	0.19032373627283972
882	IFNalpha100_0 - None_0 Aggregated Across Residues	0.05293749811466784
883	IFNalpha100_0 - None_0 Aggregated Across Residues	-0.08208065810736101
884	IFNalpha100_0 - None_0 Aggregated Across Residues	-0.036594739892225905
885	IFNalpha100_0 - None_0 Aggregated Across Residues	0.21284266894660192
886	IFNalpha100_0 - None_0 Aggregated Across Residues	0.48295923900857307
887	IFNalpha100_0 - None_0 Aggregated Across Residues	-0.09474343118405788
888	IFNalpha100_0 - None_0 Aggregated Across Residues	-0.48205782947616255
889	IFNalpha100_0 - None_0 Aggregated Across Residues	-0.27297422974656554
890	IFNalpha100_0 - None_0 Aggregated Across Residues	0.20142635648845914
891	IFNalpha100_0 - None_0 Aggregated Across Residues	-0.23432987035485267
892	IFNalpha100_0 - None_0 Aggregated Across Residues	-0.8784506696453553
893	IFNalpha100_0 - None_0 Aggregated Across Residues	-0.0418202371969147
894	IFNalpha100_0 - None_0 Aggregated Across Residues	-1.5600702263962738
895	IFNalpha100_0 - None_0 Aggregated Across Residues	-6.530080020526046
896	IFNalpha100_0 - None_0 Aggregated Across Residues	-1.3655018642153338
897	IFNalpha100_0 - None_0 Aggregated Across Residues	-1.8642649653372025
898	IFNalpha100_0 - None_0 Aggregated Across Residues	-1.8313557149205395
899	IFNalpha100_0 - None_0 Aggregated Across Residues	0.30459501077671053
900	IFNalpha100_0 - None_0 Aggregated Across Residues	0.15849061269060233
901	IFNalpha100_0 - None_0 Aggregated Across Residues	-0.6890772809264877
902	IFNalpha100_0 - None_0 Aggregated Across Residues	-0.4084092522327202
903	IFNalpha100_0 - None_0 Aggregated Across Residues	-0.7005985337107253
904	IFNalpha100_0 - None_0 Aggregated Across Residues	-1.0491811796524122
905	IFNalpha100_0 - None_0 Aggregated Across Residues	-0.17592749616220166
906	IFNalpha100_0 - None_0 Aggregated Across Residues	-5.740408615788675
907	IFNalpha100_0 - None_0 Aggregated Across Residues	-0.3503229630204573
908	IFNalpha100_0 - None_0 Aggregated Across Residues	-0.16295780878876381
909	IFNalpha100_0 - None_0 Aggregated Across Residues	-3.93399057940848
910	IFNalpha100_0 - None_0 Aggregated Across Residues	-0.11780586935430681
911	IFNalpha100_0 - None_0 Aggregated Across Residues	-2.7204041223666
912	IFNalpha100_0 - None_0 Aggregated Across Residues	-0.1816043018373718
913	IFNalpha100_0 - None_0 Aggregated Across Residues	-1.1435125305860827
914	IFNalpha100_0 - None_0 Aggregated Across Residues	-0.5371170439422457
915	IFNalpha100_0 - None_0 Aggregated Across Residues	-0.7174603094727955
916	IFNalpha100_0 - None_0 Aggregated Across Residues	-1.3115280596945855
917	IFNalpha100_0 - None_0 Aggregated Across Residues	-0.485780494476302
918	IFNalpha100_0 - None_0 Aggregated Across Residues	6.229400539488222e-4
919	IFNalpha100_0 - None_0 Aggregated Across Residues	-0.45099203678415944
920	IFNalpha100_0 - None_0 Aggregated Across Residues	0.17398084322774154
921	IFNalpha100_0 - None_0 Aggregated Across Residues	0.2969262556557296
922	IFNalpha100_0 - None_0 Aggregated Across Residues	-0.15057059150478475
923	IFNalpha100_0 - None_0 Aggregated Across Residues	0.05426694173193941
924	IFNalpha100_0 - None_0 Aggregated Across Residues	-0.3165014922946939
925	IFNalpha100_0 - None_0 Aggregated Across Residues	0.14249611820863384
926	IFNalpha100_0 - None_0 Aggregated Across Residues	0.18028571384636125
927	IFNalpha100_0 - None_0 Aggregated Across Residues	-1.231896293550989
928	IFNalpha100_0 - None_0 Aggregated Across Residues	-3.828735092400699
929	IFNalpha100_0 - None_0 Aggregated Across Residues	-1.1940775394871945
930	IFNalpha100_0 - None_0 Aggregated Across Residues	-5.548547494124361
931	IFNalpha100_0 - None_0 Aggregated Across Residues	0.07137022426929038
932	IFNalpha100_0 - None_0 Aggregated Across Residues	0.11849273492138925
933	IFNalpha100_0 - None_0 Aggregated Across Residues	-0.23906827586962295
934	IFNalpha100_0 - None_0 Aggregated Across Residues	0.2645992323805554
935	IFNalpha100_0 - None_0 Aggregated Across Residues	0.2754927703986037
936	IFNalpha100_0 - None_0 Aggregated Across Residues	-0.24462916196521023
937	IFNalpha100_0 - None_0 Aggregated Across Residues	0.3096352514435722
938	IFNalpha100_0 - None_0 Aggregated Across Residues	-0.4793519147514358
939	IFNalpha100_0 - None_0 Aggregated Across Residues	0.1854849735097255
940	IFNalpha100_0 - None_0 Aggregated Across Residues	0.14236145707805503
941	IFNalpha100_0 - None_0 Aggregated Across Residues	0.0735951764394179
942	IFNalpha100_0 - None_0 Aggregated Across Residues	0.30232163290761044
943	IFNalpha100_0 - None_0 Aggregated Across Residues	0.09599497387797655
944	IFNalpha100_0 - None_0 Aggregated Across Residues	-0.48300745854535726
945	IFNalpha100_0 - None_0 Aggregated Across Residues	-0.10045583163777343
946	IFNalpha100_0 - None_0 Aggregated Across Residues	-0.19855997710058618
947	IFNalpha100_0 - None_0 Aggregated Across Residues	-3.355217988698126
948	IFNalpha100_0 - None_0 Aggregated Across Residues	-0.1910091610088208
949	IFNalpha100_0 - None_0 Aggregated Across Residues	0.052922077081002716
950	IFNalpha100_0 - None_0 Aggregated Across Residues	-1.987981601226939
951	IFNalpha100_0 - None_0 Aggregated Across Residues	-0.8665901414108058
952	IFNalpha100_0 - None_0 Aggregated Across Residues	-0.33133216025033235
953	IFNalpha100_0 - None_0 Aggregated Across Residues	0.3472603278225979
954	IFNalpha100_0 - None_0 Aggregated Across Residues	-1.3203495385865283
955	IFNalpha100_0 - None_0 Aggregated Across Residues	0.3223189020567519
956	IFNalpha100_0 - None_0 Aggregated Across Residues	-0.4649737133921425
957	IFNalpha100_0 - None_0 Aggregated Across Residues	-0.0047257089911894225
958	IFNalpha100_0 - None_0 Aggregated Across Residues	-0.9675057129426257
959	IFNalpha100_0 - None_0 Aggregated Across Residues	-2.077859830461684
960	IFNalpha100_0 - None_0 Aggregated Across Residues	-1.235507909438194
961	IFNalpha100_0 - None_0 Aggregated Across Residues	-0.4342612733233961
962	IFNalpha100_0 - None_0 Aggregated Across Residues	-1.015018126417964
963	IFNalpha100_0 - None_0 Aggregated Across Residues	-0.3185575766946509
964	IFNalpha100_0 - None_0 Aggregated Across Residues	-1.0739237512889912
965	IFNalpha100_0 - None_0 Aggregated Across Residues	-0.21147809467473777
966	IFNalpha100_0 - None_0 Aggregated Across Residues	-0.04812087877542528
967	IFNalpha100_0 - None_0 Aggregated Across Residues	-0.3555983631502129
968	IFNalpha100_0 - None_0 Aggregated Across Residues	0.05788909928865999
969	IFNalpha100_0 - None_0 Aggregated Across Residues	0.37448645527336843
970	IFNalpha100_0 - None_0 Aggregated Across Residues	-0.0765162998095937
971	IFNalpha100_0 - None_0 Aggregated Across Residues	-0.7073247780906626
972	IFNalpha100_0 - None_0 Aggregated Across Residues	-0.5390039954622186
973	IFNalpha100_0 - None_0 Aggregated Across Residues	-0.08114326838261705
974	IFNalpha100_0 - None_0 Aggregated Across Residues	-0.36261822695457674
975	IFNalpha100_0 - None_0 Aggregated Across Residues	-0.9712345162833388
976	IFNalpha100_0 - None_0 Aggregated Across Residues	-0.9284489088385449
977	IFNalpha100_0 - None_0 Aggregated Across Residues	-1.9732221053617012
978	IFNalpha100_0 - None_0 Aggregated Across Residues	-1.13698966602942
979	IFNalpha100_0 - None_0 Aggregated Across Residues	-0.49909535967835067
980	IFNalpha100_0 - None_0 Aggregated Across Residues	-0.6095438747665693
981	IFNalpha100_0 - None_0 Aggregated Across Residues	-1.4160282892608769
982	IFNalpha100_0 - None_0 Aggregated Across Residues	-0.9716662455554211
983	IFNalpha100_0 - None_0 Aggregated Across Residues	-0.11451015612390593
984	IFNalpha100_0 - None_0 Aggregated Across Residues	-0.9433022152648289
985	IFNalpha100_0 - None_0 Aggregated Across Residues	-1.3586053882982336
986	IFNalpha100_0 - None_0 Aggregated Across Residues	-3.5425051727377337
987	IFNalpha100_0 - None_0 Aggregated Across Residues	-0.16593421718084475
988	IFNalpha100_0 - None_0 Aggregated Across Residues	-0.46485130190599344
989	IFNalpha100_0 - None_0 Aggregated Across Residues	-0.7722108949609608
990	IFNalpha100_0 - None_0 Aggregated Across Residues	-1.783255770676432
991	IFNalpha100_0 - None_0 Aggregated Across Residues	0.14856054651940764
992	IFNalpha100_0 - None_0 Aggregated Across Residues	-0.09629161199491025
993	IFNalpha100_0 - None_0 Aggregated Across Residues	-0.40862892596793277
994	IFNalpha100_0 - None_0 Aggregated Across Residues	0.13928191533016843
995	IFNalpha100_0 - None_0 Aggregated Across Residues	-0.14930376059731212
996	IFNalpha100_0 - None_0 Aggregated Across Residues	0.06966655477536765
997	IFNalpha100_0 - None_0 Aggregated Across Residues	-0.3778024683495665
998	IFNalpha100_0 - None_0 Aggregated Across Residues	0.15728629439592676
999	IFNalpha100_0 - None_0 Aggregated Across Residues	-0.29757473309004906
1000	IFNalpha100_0 - None_0 Aggregated Across Residues	-0.2941795929750703
1001	IFNalpha100_0 - None_0 Aggregated Across Residues	-1.196797912608246
1002	IFNalpha100_0 - None_0 Aggregated Across Residues	0.3843928664466482
1003	IFNalpha100_0 - None_0 Aggregated Across Residues	-1.1926641624318242
1004	IFNalpha100_0 - None_0 Aggregated Across Residues	-2.1652010642155655
1005	IFNalpha100_0 - None_0 Aggregated Across Residues	-0.3035607403592462
1006	IFNalpha100_0 - None_0 Aggregated Across Residues	-2.4262984200772806
1007	IFNalpha100_0 - None_0 Aggregated Across Residues	-3.3535052879858607
1008	IFNalpha100_0 - None_0 Aggregated Across Residues	-2.1745326201502793
1009	IFNalpha100_0 - None_0 Aggregated Across Residues	-0.2214910172815079
1010	IFNalpha100_0 - None_0 Aggregated Across Residues	-4.652569671415038
1011	IFNalpha100_0 - None_0 Aggregated Across Residues	-2.4313942636924613
1012	IFNalpha100_0 - None_0 Aggregated Across Residues	-0.2915071015693356
1013	IFNalpha100_0 - None_0 Aggregated Across Residues	-1.6803208255204445
1014	IFNalpha100_0 - None_0 Aggregated Across Residues	-2.772072769501028
1015	IFNalpha100_0 - None_0 Aggregated Across Residues	-2.2257817357356955
1016	IFNalpha100_0 - None_0 Aggregated Across Residues	-0.17491761626592572
1017	IFNalpha100_0 - None_0 Aggregated Across Residues	-0.10664377085252058
1018	IFNalpha100_0 - None_0 Aggregated Across Residues	-0.020859970106168364
1019	IFNalpha100_0 - None_0 Aggregated Across Residues	-1.1751547382413507
1020	IFNalpha100_0 - None_0 Aggregated Across Residues	-2.4775818518062396
1021	IFNalpha100_0 - None_0 Aggregated Across Residues	-2.623799659404207
1022	IFNalpha100_0 - None_0 Aggregated Across Residues	-1.4390133063062727
1023	IFNalpha100_0 - None_0 Aggregated Across Residues	-5.87054200203735
1024	IFNalpha100_0 - None_0 Aggregated Across Residues	-2.263240139223736
1025	IFNalpha100_0 - None_0 Aggregated Across Residues	-1.3429978358923282
1026	IFNalpha100_0 - None_0 Aggregated Across Residues	-3.00632266391257
1027	IFNalpha100_0 - None_0 Aggregated Across Residues	-2.702447418623573
1028	IFNalpha100_0 - None_0 Aggregated Across Residues	-4.8285386197791755
1029	IFNalpha100_0 - None_0 Aggregated Across Residues	-2.900563573223899
1030	IFNalpha100_0 - None_0 Aggregated Across Residues	-0.8421091879031279
1031	IFNalpha100_0 - None_0 Aggregated Across Residues	-2.099584764255066
1032	IFNalpha100_0 - None_0 Aggregated Across Residues	-0.6208670763948156
1033	IFNalpha100_0 - None_0 Aggregated Across Residues	-0.32686391252587127
1034	IFNalpha100_0 - None_0 Aggregated Across Residues	-0.050568661247189214
1035	IFNalpha100_0 - None_0 Aggregated Across Residues	-0.2976095171387398
1036	IFNalpha100_0 - None_0 Aggregated Across Residues	-0.3325810821221767
1037	IFNalpha100_0 - None_0 Aggregated Across Residues	-2.8778694350459153
1038	IFNalpha100_0 - None_0 Aggregated Across Residues	-2.1666510781904087
1039	IFNalpha100_0 - None_0 Aggregated Across Residues	-3.6616073228724866
1040	IFNalpha100_0 - None_0 Aggregated Across Residues	-1.8910153983071072
1041	IFNalpha100_0 - None_0 Aggregated Across Residues	-5.6380342214085415
1042	IFNalpha100_0 - None_0 Aggregated Across Residues	-2.733597357552712
1043	IFNalpha100_0 - None_0 Aggregated Across Residues	-1.9002350915562563
1044	IFNalpha100_0 - None_0 Aggregated Across Residues	-0.3216682015949516
1045	IFNalpha100_0 - None_0 Aggregated Across Residues	-2.6821686695422366
1046	IFNalpha100_0 - None_0 Aggregated Across Residues	-0.5317584053103834
1047	IFNalpha100_0 - None_0 Aggregated Across Residues	-0.427552410721742
1048	IFNalpha100_0 - None_0 Aggregated Across Residues	-2.1316957385083986
1049	IFNalpha100_0 - None_0 Aggregated Across Residues	-0.5658432438075814
1050	IFNalpha100_0 - None_0 Aggregated Across Residues	0.24585468037907104
1051	IFNalpha100_0 - None_0 Aggregated Across Residues	-0.9480110943409349
1052	IFNalpha100_0 - None_0 Aggregated Across Residues	-0.3381222248676297
1053	IFNalpha100_0 - None_0 Aggregated Across Residues	-0.12059133367456747
1054	IFNalpha100_0 - None_0 Aggregated Across Residues	-3.735346326396568
1055	IFNalpha100_0 - None_0 Aggregated Across Residues	-0.5392855204046675
1056	IFNalpha100_0 - None_0 Aggregated Across Residues	-0.21492973605846236
1057	IFNalpha100_0 - None_0 Aggregated Across Residues	-0.2682454910487528
1058	IFNalpha100_0 - None_0 Aggregated Across Residues	-0.08716190938903302
1059	IFNalpha100_0 - None_0 Aggregated Across Residues	-0.22418031713456307
1060	IFNalpha100_0 - None_0 Aggregated Across Residues	-0.08525429418694323
1061	IFNalpha100_0 - None_0 Aggregated Across Residues	0.006883661579480076
1062	IFNalpha100_0 - None_0 Aggregated Across Residues	-0.0754178320713689
1063	IFNalpha100_0 - None_0 Aggregated Across Residues	-0.28570154296519484
1064	IFNalpha100_0 - None_0 Aggregated Across Residues	-3.5239850221347253
1065	IFNalpha100_0 - None_0 Aggregated Across Residues	-0.2739460894402499
1066	IFNalpha100_0 - None_0 Aggregated Across Residues	-1.935737868307511
1067	IFNalpha100_0 - None_0 Aggregated Across Residues	-3.9049538219666307
1068	IFNalpha100_0 - None_0 Aggregated Across Residues	-0.9033968766701833
1069	IFNalpha100_0 - None_0 Aggregated Across Residues	-5.128821731965211
1070	IFNalpha100_0 - None_0 Aggregated Across Residues	-0.6809236976908211
1071	IFNalpha100_0 - None_0 Aggregated Across Residues	-5.733408640323752
1072	IFNalpha100_0 - None_0 Aggregated Across Residues	-0.5642180239765665
1073	IFNalpha100_0 - None_0 Aggregated Across Residues	-2.6905812549904677
1074	IFNalpha100_0 - None_0 Aggregated Across Residues	-0.1384039412476008
1075	IFNalpha100_0 - None_0 Aggregated Across Residues	-0.167126729100566
1076	IFNalpha100_0 - None_0 Aggregated Across Residues	-0.40668597518712113
1077	IFNalpha100_0 - None_0 Aggregated Across Residues	-0.7755429031181693
1078	IFNalpha100_0 - None_0 Aggregated Across Residues	-1.2872188828837783
1079	IFNalpha100_0 - None_0 Aggregated Across Residues	-0.3013653854876792
1080	IFNalpha100_0 - None_0 Aggregated Across Residues	-0.5366774654001116
1081	IFNalpha100_0 - None_0 Aggregated Across Residues	0.07612466451374411
1082	IFNalpha100_0 - None_0 Aggregated Across Residues	-3.7350974832503843
1083	IFNalpha100_0 - None_0 Aggregated Across Residues	-5.001813133172712
1084	IFNalpha100_0 - None_0 Aggregated Across Residues	-2.8482719471860953
1085	IFNalpha100_0 - None_0 Aggregated Across Residues	-5.148557772577343
1086	IFNalpha100_0 - None_0 Aggregated Across Residues	-3.3267370135031302
1087	IFNalpha100_0 - None_0 Aggregated Across Residues	-3.1999993060474012
1088	IFNalpha100_0 - None_0 Aggregated Across Residues	-5.482185244859829
1089	IFNalpha100_0 - None_0 Aggregated Across Residues	-3.1105022539530593
1090	IFNalpha100_0 - None_0 Aggregated Across Residues	-2.956897120732017
1091	IFNalpha100_0 - None_0 Aggregated Across Residues	-1.5986507077579273
1092	IFNalpha100_0 - None_0 Aggregated Across Residues	-2.6759232456974105
1093	IFNalpha100_0 - None_0 Aggregated Across Residues	-5.157002231582666
1094	IFNalpha100_0 - None_0 Aggregated Across Residues	-2.2259115229020416
1095	IFNalpha100_0 - None_0 Aggregated Across Residues	-0.9880586352277686
1096	IFNalpha100_0 - None_0 Aggregated Across Residues	-1.760875013721
1097	IFNalpha100_0 - None_0 Aggregated Across Residues	-0.4228703082300224
1098	IFNalpha100_0 - None_0 Aggregated Across Residues	-1.7047765913900712
1099	IFNalpha100_0 - None_0 Aggregated Across Residues	-0.298980598807448
1100	IFNalpha100_0 - None_0 Aggregated Across Residues	0.09434830532244078
1101	IFNalpha100_0 - None_0 Aggregated Across Residues	-0.16705097383524778
1102	IFNalpha100_0 - None_0 Aggregated Across Residues	0.09742499896846842
1103	IFNalpha100_0 - None_0 Aggregated Across Residues	-0.5005149608285877
1104	IFNalpha100_0 - None_0 Aggregated Across Residues	-4.016031467309114
1105	IFNalpha100_0 - None_0 Aggregated Across Residues	0.10397342039404353
1106	IFNalpha100_0 - None_0 Aggregated Across Residues	-0.27496504702968566
1107	IFNalpha100_0 - None_0 Aggregated Across Residues	-0.34359887812372447
1108	IFNalpha100_0 - None_0 Aggregated Across Residues	-1.5722377386074016
1109	IFNalpha100_0 - None_0 Aggregated Across Residues	0.0075114661208339475
1110	IFNalpha100_0 - None_0 Aggregated Across Residues	-0.0859645311059555
1111	IFNalpha100_0 - None_0 Aggregated Across Residues	-0.13417705545617123
1112	IFNalpha100_0 - None_0 Aggregated Across Residues	0.14182024908303786
1113	IFNalpha100_0 - None_0 Aggregated Across Residues	0.2612032369960842
1114	IFNalpha100_0 - None_0 Aggregated Across Residues	0.05078415743106556
1115	IFNalpha100_0 - None_0 Aggregated Across Residues	-0.14204162440899576
1116	IFNalpha100_0 - None_0 Aggregated Across Residues	-0.399863967192061
1117	IFNalpha100_0 - None_0 Aggregated Across Residues	-0.15365904575281103
1118	IFNalpha100_0 - None_0 Aggregated Across Residues	-0.0766567102709434
1119	IFNalpha100_0 - None_0 Aggregated Across Residues	-0.23638248477915444
1120	IFNalpha100_0 - None_0 Aggregated Across Residues	-0.3642605438776311
1121	IFNalpha100_0 - None_0 Aggregated Across Residues	-0.45490827162671116
1122	IFNalpha100_0 - None_0 Aggregated Across Residues	-0.49840023392396066
1123	IFNalpha100_0 - None_0 Aggregated Across Residues	-0.18838349974851973
1124	IFNalpha100_0 - None_0 Aggregated Across Residues	-0.8720367910815967
1125	IFNalpha100_0 - None_0 Aggregated Across Residues	-0.18795122842328632
1126	IFNalpha100_0 - None_0 Aggregated Across Residues	-0.10821709281496214
1127	IFNalpha100_0 - None_0 Aggregated Across Residues	-0.14583876637353652
1128	IFNalpha100_0 - None_0 Aggregated Across Residues	-2.3544871175768627
1129	IFNalpha100_0 - None_0 Aggregated Across Residues	-0.5299104281831144
1130	IFNalpha100_0 - None_0 Aggregated Across Residues	-0.05072876228753846
1131	IFNalpha100_0 - None_0 Aggregated Across Residues	-1.2691134463086544
1132	IFNalpha100_0 - None_0 Aggregated Across Residues	-0.3655267615310982
1133	IFNalpha100_0 - None_0 Aggregated Across Residues	-1.0924536612177442
1134	IFNalpha100_0 - None_0 Aggregated Across Residues	-4.010658748483239
1135	IFNalpha100_0 - None_0 Aggregated Across Residues	-0.6667190721686066
1136	IFNalpha100_0 - None_0 Aggregated Across Residues	-0.09315799395447025
1137	IFNalpha100_0 - None_0 Aggregated Across Residues	-1.173482427968686
1138	IFNalpha100_0 - None_0 Aggregated Across Residues	0.08264299911248692
1139	IFNalpha100_0 - None_0 Aggregated Across Residues	-0.2620735340069806
1140	IFNalpha100_0 - None_0 Aggregated Across Residues	-2.650007175911853
1141	IFNalpha100_0 - None_0 Aggregated Across Residues	-1.4217413748317482
1142	IFNalpha100_0 - None_0 Aggregated Across Residues	-0.6432754808446829
1143	IFNalpha100_0 - None_0 Aggregated Across Residues	-0.1041809106287726
1144	IFNalpha100_0 - None_0 Aggregated Across Residues	-1.574428334309932
1145	IFNalpha100_0 - None_0 Aggregated Across Residues	-0.8142127957237281
1146	IFNalpha100_0 - None_0 Aggregated Across Residues	0.41867035576382844
1147	IFNalpha100_0 - None_0 Aggregated Across Residues	-0.3384789150748498
1148	IFNalpha100_0 - None_0 Aggregated Across Residues	-3.205248714978351
1149	IFNalpha100_0 - None_0 Aggregated Across Residues	-0.0375735940783599
1150	IFNalpha100_0 - None_0 Aggregated Across Residues	-0.21839273742580048
1151	IFNalpha100_0 - None_0 Aggregated Across Residues	-2.7297499720042064
1152	IFNalpha100_0 - None_0 Aggregated Across Residues	-2.964263423910012
1153	IFNalpha100_0 - None_0 Aggregated Across Residues	-0.1799665591904252
1154	IFNalpha100_0 - None_0 Aggregated Across Residues	0.027977808601706733
1155	IFNalpha100_0 - None_0 Aggregated Across Residues	-0.6070974838201973
1156	IFNalpha100_0 - None_0 Aggregated Across Residues	-0.46463496583771885
1157	IFNalpha100_0 - None_0 Aggregated Across Residues	0.18529394210007366
1158	IFNalpha100_0 - None_0 Aggregated Across Residues	0.06729741454743658
1159	IFNalpha100_0 - None_0 Aggregated Across Residues	-5.373895298693382
1160	IFNalpha100_0 - None_0 Aggregated Across Residues	-0.5356131031622311
1161	IFNalpha100_0 - None_0 Aggregated Across Residues	-0.3008148007652326
1162	IFNalpha100_0 - None_0 Aggregated Across Residues	-1.6067470105605874
1163	IFNalpha100_0 - None_0 Aggregated Across Residues	0.11970186247859435
1164	IFNalpha100_0 - None_0 Aggregated Across Residues	-0.15258971959751835
1165	IFNalpha100_0 - None_0 Aggregated Across Residues	-1.1934700902840538
1166	IFNalpha100_0 - None_0 Aggregated Across Residues	-0.5892583697461401
1167	IFNalpha100_0 - None_0 Aggregated Across Residues	-0.04810593735517281
1168	IFNalpha100_0 - None_0 Aggregated Across Residues	-0.11872243807924004
1169	IFNalpha100_0 - None_0 Aggregated Across Residues	-1.0381319833905867
1170	IFNalpha100_0 - None_0 Aggregated Across Residues	0.09006961741785292
1171	IFNalpha100_0 - None_0 Aggregated Across Residues	-0.20807532100146917
1172	IFNalpha100_0 - None_0 Aggregated Across Residues	0.10065687741358567
1173	IFNalpha100_0 - None_0 Aggregated Across Residues	0.04097463008318553
1174	IFNalpha100_0 - None_0 Aggregated Across Residues	-0.1902548270558481
1175	IFNalpha100_0 - None_0 Aggregated Across Residues	0.33169039900971464
1176	IFNalpha100_0 - None_0 Aggregated Across Residues	-0.9346161059247378
1177	IFNalpha100_0 - None_0 Aggregated Across Residues	-0.2800304928363835
1178	IFNalpha100_0 - None_0 Aggregated Across Residues	0.4425283837689452
1179	IFNalpha100_0 - None_0 Aggregated Across Residues	-0.37749887943301214
1180	IFNalpha100_0 - None_0 Aggregated Across Residues	0.21394229894371464
1181	IFNalpha100_0 - None_0 Aggregated Across Residues	-0.04411827276747222
1182	IFNalpha100_0 - None_0 Aggregated Across Residues	-0.16523800221584006
1183	IFNalpha100_0 - None_0 Aggregated Across Residues	0.06952767160313435
1184	IFNalpha100_0 - None_0 Aggregated Across Residues	-0.1902281525657022
1185	IFNalpha100_0 - None_0 Aggregated Across Residues	-0.1107818743046167
1186	IFNalpha100_0 - None_0 Aggregated Across Residues	0.14060212045575196
1187	IFNalpha100_0 - None_0 Aggregated Across Residues	-0.1477935550422191
